Date,Symbol,Series,Prev Close,Open,High,Low,Last,Close,VWAP,Volume,Turnover,Trades,Deliverable Volume,%Deliverble
2019-06-12,HDFCBANK,EQ,2448.4,2445.0,2448.4,2423.65,2430.8,2427.05,2432.41,1827155,444439162075000.0,100566,1260698,0.6900000000000001
2019-06-13,HDFCBANK,EQ,2427.05,2435.95,2452.0,2415.95,2443.0,2444.7,2429.67,2776987,674715311855000.0,116879,1917518,0.6905
2019-06-14,HDFCBANK,EQ,2444.7,2442.95,2458.95,2425.0,2433.8,2435.1,2443.97,2989230,730559536565000.0,108789,2064787,0.6907
2019-06-17,HDFCBANK,EQ,2435.1,2435.0,2439.9,2417.3,2422.0,2422.0,2427.31,3202505,777346641845000.0,119659,2438391,0.7540000000000001
2019-06-18,HDFCBANK,EQ,2422.0,2418.0,2432.0,2404.0,2418.0,2417.25,2416.67,3104913,750353770210000.0,149049,1949262,0.6188
2019-06-19,HDFCBANK,EQ,2417.25,2427.0,2444.9,2416.7,2435.45,2428.35,2431.33,2686069,653071772065000.0,118428,1681891,0.6262
2019-06-20,HDFCBANK,EQ,2428.35,2428.35,2437.0,2414.6,2425.7,2426.35,2428.38,2792873,678215094940000.0,129225,1928319,0.6904000000000001
2019-06-21,HDFCBANK,EQ,2426.35,2426.0,2429.7,2405.65,2418.75,2414.2,2416.28,3312565,800408363795000.0,114329,2607579,0.7872
2019-06-24,HDFCBANK,EQ,2414.2,2411.95,2430.6,2410.0,2421.0,2417.95,2422.38,1728750,418769314725000.0,84459,1149223,0.6648000000000001
2019-06-25,HDFCBANK,EQ,2417.95,2419.85,2441.5,2403.0,2422.0,2428.7,2420.42,2224950,538530644110000.06,125353,1381867,0.6211
2019-06-26,HDFCBANK,EQ,2428.7,2424.7,2470.0,2422.0,2465.0,2467.9,2448.85,2633409,644883456760000.0,111348,1725780,0.6553
2019-06-27,HDFCBANK,EQ,2467.9,2468.75,2494.5,2456.15,2460.6,2462.3,2472.34,4969809,1228704818685000.0,157798,2787079,0.5608
2019-06-28,HDFCBANK,EQ,2462.3,2464.0,2475.0,2437.05,2441.0,2443.75,2451.45,3189211,781818948760000.0,113150,2204518,0.6912
2019-07-01,HDFCBANK,EQ,2443.75,2456.0,2489.0,2450.05,2486.0,2485.55,2476.08,2131040,527662176650000.0,110592,1257676,0.5902000000000001
2019-07-02,HDFCBANK,EQ,2485.55,2488.0,2497.5,2467.2,2491.15,2495.0,2484.49,1811707,450116466935000.06,89307,871145,0.4808
2019-07-03,HDFCBANK,EQ,2495.0,2499.0,2503.3,2483.0,2488.3,2489.65,2496.5,1865814,465801368380000.0,74725,995571,0.5336
2019-07-04,HDFCBANK,EQ,2489.65,2494.8,2497.9,2472.0,2482.85,2483.8,2484.12,1998491,496449234075000.0,81894,988000,0.4944
2019-07-05,HDFCBANK,EQ,2483.8,2485.1,2494.95,2460.0,2469.0,2472.4,2478.09,1895765,469786740170000.0,72714,995517,0.5251
2019-07-08,HDFCBANK,EQ,2472.4,2474.55,2474.6,2397.05,2412.7,2409.6,2424.02,3651785,885201171429999.9,148208,2375576,0.6505
2019-07-09,HDFCBANK,EQ,2409.6,2403.85,2410.8,2373.0,2377.65,2379.15,2386.59,4120672,983433542385000.0,184776,2722625,0.6607
2019-07-10,HDFCBANK,EQ,2379.15,2378.75,2398.0,2366.25,2391.2,2388.75,2385.87,2892287,690061267950000.0,166981,1816180,0.6279
2019-07-11,HDFCBANK,EQ,2388.75,2403.0,2414.0,2395.65,2403.75,2407.15,2406.53,2274399,547341883950000.0,135487,1355852,0.5961
2019-07-12,HDFCBANK,EQ,2407.15,2418.0,2418.0,2385.05,2390.0,2393.9,2398.71,2244068,538285884470000.0,119705,1313824,0.5855
2019-07-15,HDFCBANK,EQ,2393.9,2396.0,2403.0,2377.35,2398.0,2394.75,2389.62,2058296,491853913935000.06,98607,1404876,0.6825
2019-07-16,HDFCBANK,EQ,2394.75,2418.0,2418.0,2382.0,2393.0,2391.2,2396.89,3192642,765239749680000.0,131505,1920698,0.6016
2019-07-17,HDFCBANK,EQ,2391.2,2392.95,2411.6,2391.3,2401.9,2397.45,2402.1,1939934,465991306030000.0,67598,1115864,0.5752
2019-07-18,HDFCBANK,EQ,2397.45,2403.0,2429.0,2401.9,2414.75,2411.9,2417.18,2700646,652794353155000.0,95138,1314150,0.4866
2019-07-19,HDFCBANK,EQ,2411.9,2415.0,2420.7,2367.0,2379.5,2375.65,2387.87,2234807,533641792570000.0,139292,1221721,0.5467000000000001
2019-07-22,HDFCBANK,EQ,2375.65,2345.0,2349.85,2281.25,2302.8,2297.25,2302.41,5542824,1276182859740000.0,239328,3160780,0.5702
2019-07-23,HDFCBANK,EQ,2297.25,2294.5,2294.5,2242.05,2265.5,2263.5,2261.89,6950716,1572172960875000.0,237644,4401966,0.6333
2019-07-24,HDFCBANK,EQ,2263.5,2256.75,2293.0,2251.0,2284.0,2280.9,2276.22,4340935,988090301785000.0,221845,2590720,0.5968
2019-07-25,HDFCBANK,EQ,2280.9,2285.0,2315.45,2280.25,2291.0,2286.05,2297.27,4865502,1117737838825000.0,187329,2945122,0.6053000000000001
2019-07-26,HDFCBANK,EQ,2286.05,2278.2,2293.65,2272.85,2276.0,2277.3,2284.17,3207457,732639288665000.0,154124,2019112,0.6295000000000001
2019-07-29,HDFCBANK,EQ,2277.3,2273.55,2273.55,2223.05,2249.3,2244.3,2246.77,2494123,560371844460000.06,128559,1475389,0.5915
2019-07-30,HDFCBANK,EQ,2244.3,2255.0,2271.2,2239.9,2254.8,2252.25,2255.35,2598534,586060536345000.0,122826,1628613,0.6267
2019-07-31,HDFCBANK,EQ,2252.25,2240.0,2267.0,2234.25,2249.6,2251.65,2249.21,3472960,781140539470000.0,158165,2516586,0.7245999999999999
2019-08-01,HDFCBANK,EQ,2251.65,2229.1,2240.0,2197.0,2225.0,2221.8,2220.25,4560419,1012527372770000.1,143216,3007966,0.6596
2019-08-02,HDFCBANK,EQ,2221.8,2211.0,2224.0,2182.0,2220.0,2214.35,2201.32,6956384,1531321581730000.0,177396,4270484,0.6139
2019-08-05,HDFCBANK,EQ,2214.35,2197.05,2200.0,2162.5,2174.6,2179.25,2177.33,4955610,1078998154925000.0,208438,3086735,0.6229
2019-08-06,HDFCBANK,EQ,2179.25,2167.0,2210.25,2167.0,2183.0,2189.1,2186.84,6222735,1360813657875000.0,208507,4156077,0.6679
2019-08-07,HDFCBANK,EQ,2189.1,2190.0,2202.0,2165.0,2180.0,2184.0,2188.35,4687534,1025798461850000.0,160175,3209697,0.6847
2019-08-08,HDFCBANK,EQ,2184.0,2198.0,2243.0,2183.0,2239.8,2233.15,2212.99,4927900,1090541701045000.1,192860,3233599,0.6562
2019-08-09,HDFCBANK,EQ,2233.15,2247.0,2289.0,2239.8,2285.0,2282.0,2274.74,7609028,1730856893790000.2,180014,5733704,0.7535
2019-08-13,HDFCBANK,EQ,2282.0,2273.3,2273.3,2202.6,2228.0,2220.35,2226.91,3860017,859589676260000.0,187637,2385244,0.6179
2019-08-14,HDFCBANK,EQ,2220.35,2235.4,2235.4,2203.05,2227.9,2229.45,2223.33,3563513,792287855305000.0,113946,2010160,0.5640999999999999
2019-08-16,HDFCBANK,EQ,2229.45,2214.0,2233.0,2204.1,2223.95,2227.7,2222.29,3811890,847111994730000.0,134420,2587007,0.6787000000000001
2019-08-19,HDFCBANK,EQ,2227.7,2238.5,2242.0,2201.7,2210.95,2206.85,2227.18,2124550,473176322675000.0,120954,994100,0.4679
2019-08-20,HDFCBANK,EQ,2206.85,2209.25,2227.8,2206.85,2224.0,2220.6,2218.57,2567648,569651650455000.0,85255,1232433,0.48
2019-08-21,HDFCBANK,EQ,2220.6,2224.9,2241.2,2214.2,2225.7,2225.85,2229.56,2618178,583737379865000.0,75718,1466393,0.5601
2019-08-22,HDFCBANK,EQ,2225.85,2220.85,2220.85,2167.05,2177.0,2174.1,2199.15,3498011,769263900635000.0,203340,2048334,0.5856
2019-08-23,HDFCBANK,EQ,2174.1,2161.0,2177.0,2139.6,2164.9,2162.7,2157.09,5024904,1083918504340000.0,198523,3284413,0.6536
2019-08-26,HDFCBANK,EQ,2162.7,2194.9,2266.15,2167.0,2259.0,2256.15,2216.97,6320061,1401140500935000.0,231650,3467750,0.5487
2019-08-27,HDFCBANK,EQ,2256.15,2256.0,2272.9,2240.1,2258.0,2259.95,2257.98,5165208,1166293503780000.0,199581,3252574,0.6297
2019-08-28,HDFCBANK,EQ,2259.95,2250.0,2257.35,2226.35,2245.0,2247.5,2240.16,3415647,765160438840000.0,166668,1934486,0.5664
2019-08-29,HDFCBANK,EQ,2247.5,2246.0,2253.7,2220.3,2225.5,2226.95,2236.05,3695929,826429989380000.0,156003,2120121,0.5736
2019-08-30,HDFCBANK,EQ,2226.95,2233.5,2260.0,2222.0,2231.9,2227.95,2238.3,4808330,1076248679815000.0,161307,2865953,0.596
2019-09-03,HDFCBANK,EQ,2227.95,2220.0,2221.0,2196.15,2200.5,2210.95,2210.2,2857169,631492816320000.0,154531,1973739,0.6908
2019-09-04,HDFCBANK,EQ,2210.95,2207.0,2274.0,2199.0,2244.0,2247.75,2242.36,3765176,844288081275000.0,147126,1806149,0.4797
2019-09-05,HDFCBANK,EQ,2247.75,2249.0,2272.4,2225.0,2232.0,2235.15,2249.57,4324063,972727603770000.1,132274,2233304,0.5165
2019-09-06,HDFCBANK,EQ,2235.15,2228.0,2256.6,2221.3,2241.75,2245.9,2240.48,3217501,720876208960000.0,129381,1963939,0.6104
2019-09-09,HDFCBANK,EQ,2245.9,2246.0,2260.9,2216.1,2245.15,2249.6,2246.95,2660851,597880700145000.0,86620,1419605,0.5335
2019-09-11,HDFCBANK,EQ,2249.6,2274.0,2274.0,2241.15,2246.0,2251.3,2254.26,3802279,857133938315000.0,169443,2480806,0.6525
2019-09-12,HDFCBANK,EQ,2251.3,2250.7,2288.8,2248.15,2267.95,2270.85,2271.76,4533075,1029807392804999.9,166034,3043908,0.6715000000000001
2019-09-13,HDFCBANK,EQ,2270.85,2251.0,2267.45,2238.0,2259.8,2257.45,2252.89,3842835,865747406790000.0,164332,2253074,0.5863
2019-09-16,HDFCBANK,EQ,2257.45,2251.9,2262.65,2241.0,2243.0,2244.15,2250.46,2757546,620575688905000.0,131945,1635667,0.5932000000000001
2019-09-17,HDFCBANK,EQ,2244.15,2247.9,2248.5,2198.1,2220.0,2211.35,2220.32,2664139,591524520375000.0,141227,1442352,0.5414
2019-09-18,HDFCBANK,EQ,2211.35,2217.3,2224.15,2180.0,2188.0,2187.75,2203.61,3239971,713963888690000.0,155878,1584011,0.4889
2019-09-19,HDFCBANK,EQ,2187.75,1099.9,1107.05,1084.0,1100.05,1101.05,1093.79,5311655,580981967210000.0,172428,2433720,0.4582
2019-09-20,HDFCBANK,EQ,1101.05,1108.0,1209.9,1105.4,1202.0,1199.6,1174.97,23075017,2711244851350000.0,495257,10624318,0.4604
2019-09-23,HDFCBANK,EQ,1199.6,1259.55,1282.7,1229.0,1255.3,1257.25,1257.31,20960205,2635353648520000.0,399302,11470765,0.5473
2019-09-24,HDFCBANK,EQ,1257.25,1250.0,1261.95,1227.55,1252.15,1253.8,1244.36,11689524,1454600312090000.0,253765,6331061,0.5416
2019-09-25,HDFCBANK,EQ,1253.8,1249.9,1249.9,1230.1,1240.0,1239.7,1238.04,7804488,966224939310000.0,188354,4384523,0.5618
2019-09-26,HDFCBANK,EQ,1239.7,1239.8,1275.0,1236.35,1246.0,1242.5,1249.5,15335780,1916206530659999.8,267570,6818174,0.4446
2019-09-27,HDFCBANK,EQ,1242.5,1248.25,1253.5,1237.6,1245.6,1244.2,1245.87,7436585,926498209875000.0,181792,4340632,0.5837
2019-09-30,HDFCBANK,EQ,1244.2,1228.8,1240.0,1216.5,1227.5,1227.45,1229.6,9109229,1120067263885000.0,213075,6091881,0.6688
2019-10-01,HDFCBANK,EQ,1227.45,1231.5,1255.0,1221.1,1250.2,1248.8,1241.11,9384176,1164676434220000.0,237310,4624217,0.4928
2019-10-03,HDFCBANK,EQ,1248.8,1239.95,1243.8,1216.35,1222.9,1223.55,1227.27,8149438,1000159314815000.0,288240,4297804,0.5274
2019-10-04,HDFCBANK,EQ,1223.55,1236.65,1239.6,1185.3,1189.75,1189.7,1209.48,9201816,1112938440075000.0,257533,4831347,0.525
2019-10-07,HDFCBANK,EQ,1189.7,1201.2,1219.85,1181.15,1184.55,1186.9,1201.38,11256610,1352346954025000.0,216482,5007897,0.4449
2019-10-09,HDFCBANK,EQ,1186.9,1197.1,1229.9,1190.0,1228.2,1228.15,1211.14,8713635,1055340288270000.1,241068,4674399,0.5364
2019-10-10,HDFCBANK,EQ,1228.15,1221.8,1225.95,1197.2,1203.0,1200.55,1204.54,5778429,696032208570000.0,173146,3089486,0.5347
2019-10-11,HDFCBANK,EQ,1200.55,1213.4,1224.0,1188.95,1198.15,1198.8,1206.12,8593159,1036440765540000.0,195427,4487710,0.5222
2019-10-14,HDFCBANK,EQ,1198.8,1209.0,1219.9,1197.4,1204.4,1204.4,1211.27,6133901,742978351300000.0,159516,3049256,0.49710000000000004
2019-10-15,HDFCBANK,EQ,1204.4,1207.0,1225.0,1206.85,1223.7,1223.05,1217.66,4200187,511438037285000.06,121277,2048447,0.4877
2019-10-16,HDFCBANK,EQ,1223.05,1231.65,1235.0,1210.1,1221.5,1221.1,1222.27,5293408,646999925740000.0,158557,2351286,0.44420000000000004
2019-10-17,HDFCBANK,EQ,1221.1,1227.5,1229.85,1213.1,1221.5,1220.0,1221.84,6121807,747984310135000.0,174349,3289207,0.5373
2019-10-18,HDFCBANK,EQ,1220.0,1225.45,1233.85,1220.35,1229.0,1229.0,1227.68,5616903,689578277690000.0,126554,3117700,0.5551
2019-10-22,HDFCBANK,EQ,1229.0,1257.0,1257.0,1232.6,1239.9,1239.3,1244.3,10003114,1244687278775000.0,235749,5139082,0.5136999999999999
2019-10-23,HDFCBANK,EQ,1239.3,1246.85,1249.75,1233.0,1245.0,1241.6,1242.17,5095107,632900476470000.0,165735,2808097,0.5511
2019-10-24,HDFCBANK,EQ,1241.6,1248.0,1254.15,1226.35,1235.0,1236.1,1241.78,6553747,813828593525000.0,169086,2964030,0.4523
2019-10-25,HDFCBANK,EQ,1236.1,1240.0,1246.85,1220.0,1227.9,1229.0,1234.93,6496771,802304559175000.0,168865,3674313,0.5656
2019-10-27,HDFCBANK,EQ,1229.0,1239.95,1241.9,1235.0,1238.0,1237.7,1238.06,875425,108382448440000.02,32899,478938,0.5471
2019-10-29,HDFCBANK,EQ,1237.7,1238.0,1257.35,1237.7,1242.55,1242.5,1246.85,7116284,887291523279999.9,163100,4595216,0.6456999999999999
2019-10-30,HDFCBANK,EQ,1242.5,1246.9,1262.7,1243.0,1249.8,1248.35,1253.11,6005683,752576073585000.0,153142,3382532,0.5632
2019-10-31,HDFCBANK,EQ,1248.35,1257.7,1263.9,1227.1,1230.0,1230.35,1247.19,6608853,824250554000000.0,149423,3851537,0.5828
2019-11-01,HDFCBANK,EQ,1230.35,1239.0,1243.75,1227.6,1243.0,1240.05,1235.87,5756130,711382471675000.0,144831,3699600,0.6426999999999999
2019-11-04,HDFCBANK,EQ,1240.05,1246.45,1250.0,1229.05,1237.95,1236.85,1239.18,4967588,615574141520000.0,160851,2736666,0.5509000000000001
2019-11-05,HDFCBANK,EQ,1236.85,1241.0,1244.8,1229.05,1240.0,1239.5,1236.72,6183905,764775342900000.0,116040,4013870,0.6491
2019-11-06,HDFCBANK,EQ,1239.5,1242.45,1259.0,1228.05,1256.5,1256.65,1243.91,6065168,754451605450000.0,106886,3530632,0.5821000000000001
2019-11-07,HDFCBANK,EQ,1256.65,1261.0,1269.7,1250.0,1262.05,1263.7,1260.3,8481517,1068922749900000.0,158059,5309958,0.6261
2019-11-08,HDFCBANK,EQ,1263.7,1259.0,1267.0,1251.45,1254.85,1255.6,1258.28,6625748,833707032990000.0,123060,4276184,0.6454000000000001
2019-11-11,HDFCBANK,EQ,1255.6,1252.55,1268.5,1250.5,1265.3,1264.75,1260.58,7143305,900470393615000.0,87967,5175501,0.7245
2019-11-13,HDFCBANK,EQ,1264.75,1261.95,1270.0,1253.6,1258.0,1257.55,1260.9,4646748,585906844760000.0,123817,2809517,0.6046
2019-11-14,HDFCBANK,EQ,1257.55,1263.8,1277.0,1257.2,1275.0,1273.9,1267.09,5527609,700399579510000.0,124827,2793186,0.5053
2019-11-15,HDFCBANK,EQ,1273.9,1283.85,1285.0,1271.1,1279.75,1277.9,1279.78,4639506,593753037455000.0,116607,2357045,0.508
2019-11-18,HDFCBANK,EQ,1277.9,1277.0,1279.45,1258.7,1262.65,1262.05,1264.6,4565146,577310197690000.0,143584,2914231,0.6384000000000001
2019-11-19,HDFCBANK,EQ,1262.05,1265.3,1275.0,1261.1,1274.75,1271.9,1269.59,5285289,671015870445000.0,130282,3543343,0.6704000000000001
2019-11-20,HDFCBANK,EQ,1271.9,1273.0,1282.95,1267.0,1275.0,1273.35,1274.0,5527129,704157264920000.0,109397,3707282,0.6707
2019-11-21,HDFCBANK,EQ,1273.35,1270.25,1287.0,1268.35,1281.95,1283.35,1279.3,6009763,768831498100000.0,128228,3782409,0.6294
2019-11-22,HDFCBANK,EQ,1283.35,1283.65,1283.65,1262.0,1266.5,1264.75,1269.56,3844005,488019177514999.94,101153,2523967,0.6566
2019-11-25,HDFCBANK,EQ,1264.75,1264.15,1279.5,1264.15,1272.9,1271.1,1272.73,3946778,502317547464999.94,112947,2229882,0.5650000000000001
2019-11-26,HDFCBANK,EQ,1271.1,1278.45,1279.75,1266.95,1276.0,1275.05,1273.47,4358001,554976459335000.06,162619,2724001,0.6251
2019-11-27,HDFCBANK,EQ,1275.05,1276.0,1285.75,1271.2,1278.6,1278.4,1277.74,4790333,612078142540000.0,123094,3146643,0.6569
2019-11-28,HDFCBANK,EQ,1278.4,1280.2,1283.05,1262.0,1267.75,1265.3,1269.05,6183020,784657334895000.0,126121,3861436,0.6245
2019-11-29,HDFCBANK,EQ,1265.3,1267.7,1279.9,1252.0,1275.0,1274.95,1267.91,7783813,986920914760000.0,179493,4492258,0.5771000000000001
2019-12-02,HDFCBANK,EQ,1274.95,1273.95,1273.95,1258.6,1262.55,1265.75,1265.0,4473102,565846729500000.0,140206,2821604,0.6308
2019-12-03,HDFCBANK,EQ,1265.75,1268.2,1269.0,1253.8,1255.1,1255.4,1257.55,3495953,439632426900000.0,145022,2455214,0.7023
2019-12-04,HDFCBANK,EQ,1255.4,1252.5,1256.9,1234.2,1251.65,1251.65,1244.89,5697807,709315713120000.0,160001,3431195,0.6022
2019-12-05,HDFCBANK,EQ,1251.65,1255.6,1258.75,1240.75,1244.9,1245.6,1249.82,6386247,798167476030000.0,135982,2989674,0.4681
2019-12-06,HDFCBANK,EQ,1245.6,1248.95,1260.0,1238.2,1245.4,1246.05,1250.9,6887325,861537362910000.0,148575,4626402,0.6717000000000001
2019-12-09,HDFCBANK,EQ,1246.05,1249.5,1249.85,1237.55,1243.5,1242.95,1242.41,4132675,513447312630000.0,91238,2690691,0.6511
2019-12-10,HDFCBANK,EQ,1242.95,1251.0,1253.65,1245.1,1250.1,1249.5,1249.14,4894450,611385955055000.0,137774,3433356,0.7015000000000001
2019-12-11,HDFCBANK,EQ,1249.5,1250.1,1254.0,1242.5,1250.55,1248.75,1248.04,5527321,689833621840000.0,160384,4132402,0.7476
2019-12-12,HDFCBANK,EQ,1248.75,1253.0,1269.45,1253.0,1265.8,1263.6,1261.92,6456574,814769587565000.0,142217,4174002,0.6465000000000001
2019-12-13,HDFCBANK,EQ,1263.6,1265.0,1272.35,1259.25,1263.1,1263.85,1266.95,5887593,745926268680000.0,104179,4094699,0.6955
2019-12-16,HDFCBANK,EQ,1263.85,1269.25,1270.0,1248.2,1258.7,1257.35,1256.17,5663788,711467828985000.0,246978,3778135,0.6670999999999999
2019-12-17,HDFCBANK,EQ,1257.35,1260.0,1274.8,1255.35,1271.75,1271.1,1267.95,6213677,787863792725000.0,169567,4315153,0.6945
2019-12-18,HDFCBANK,EQ,1271.1,1283.0,1299.0,1273.65,1292.7,1292.35,1287.03,8723586,1122748800950000.0,201690,5314964,0.6093000000000001
2019-12-19,HDFCBANK,EQ,1292.35,1305.0,1305.5,1286.1,1288.5,1288.8,1296.05,6509188,843621179540000.0,151485,3523544,0.5413
2019-12-20,HDFCBANK,EQ,1288.8,1288.75,1299.6,1280.05,1296.45,1296.7,1292.36,7513022,970949296665000.0,141458,5167224,0.6878000000000001
2019-12-23,HDFCBANK,EQ,1296.7,1299.0,1304.0,1288.8,1301.5,1302.4,1298.01,5097891,661710135525000.0,126370,3173217,0.6225
2019-12-24,HDFCBANK,EQ,1302.4,1298.6,1301.1,1286.95,1290.0,1289.15,1293.83,3589604,464433999780000.0,91053,2207659,0.615
2019-12-26,HDFCBANK,EQ,1289.15,1289.7,1291.85,1264.65,1269.85,1270.45,1274.91,7474879,952977920565000.0,126918,4019243,0.5377000000000001
2019-12-27,HDFCBANK,EQ,1270.45,1272.0,1279.0,1270.0,1275.75,1275.0,1275.3,3546496,452285910210000.06,104711,2510820,0.708
2019-12-30,HDFCBANK,EQ,1275.0,1282.0,1288.75,1274.05,1284.9,1282.15,1282.1,4667095,598370405955000.0,116012,2945151,0.631
2019-12-31,HDFCBANK,EQ,1282.15,1281.95,1281.95,1268.65,1275.5,1272.1,1272.87,4178528,531872096395000.0,127264,2666838,0.6382
2020-01-01,HDFCBANK,EQ,1272.1,1276.1,1280.0,1270.6,1279.0,1278.6,1276.64,1836849,234500098869999.97,46625,809152,0.4405
2020-01-02,HDFCBANK,EQ,1278.6,1279.0,1288.0,1279.0,1286.0,1286.75,1284.56,3068583,394179153635000.0,104570,1957617,0.638
2020-01-03,HDFCBANK,EQ,1286.75,1282.2,1285.0,1263.6,1268.5,1268.4,1270.48,5427775,689588575385000.0,157066,3459267,0.6373
2020-01-06,HDFCBANK,EQ,1268.4,1260.0,1261.8,1236.0,1240.25,1240.95,1247.24,5445093,679134783105000.0,155007,3647637,0.6698999999999999
2020-01-07,HDFCBANK,EQ,1240.95,1258.9,1271.45,1252.25,1261.0,1260.6,1261.48,7362247,928730154365000.0,189026,3790730,0.5149
2020-01-08,HDFCBANK,EQ,1260.6,1246.95,1262.15,1240.05,1256.0,1257.3,1253.71,5666055,710361213000000.0,141795,3549321,0.6264000000000001
2020-01-09,HDFCBANK,EQ,1257.3,1265.0,1275.8,1263.1,1271.8,1271.4,1271.27,4773158,606796512935000.0,125829,2650051,0.5552
2020-01-10,HDFCBANK,EQ,1271.4,1284.1,1286.9,1275.1,1281.0,1282.7,1282.11,4607290,590703733920000.0,123583,2857227,0.6202000000000001
2020-01-13,HDFCBANK,EQ,1282.7,1282.7,1296.5,1276.0,1287.0,1286.0,1289.33,3725784,480375567470000.0,107121,2215612,0.5947
2020-01-14,HDFCBANK,EQ,1286.0,1289.0,1292.55,1277.5,1288.0,1289.5,1284.81,3943145,506620379314999.94,91722,2573348,0.6526000000000001
2020-01-15,HDFCBANK,EQ,1289.5,1286.4,1287.95,1274.1,1285.05,1284.25,1280.62,5893724,754764940330000.0,105548,3970136,0.6736
2020-01-16,HDFCBANK,EQ,1284.25,1282.05,1291.0,1279.35,1287.5,1287.65,1285.32,3575200,459526698280000.0,93131,2251808,0.6298
2020-01-17,HDFCBANK,EQ,1287.65,1281.75,1284.9,1271.9,1277.4,1278.15,1277.38,8459407,1080590196360000.0,136379,6692529,0.7911
2020-01-20,HDFCBANK,EQ,1278.15,1304.85,1304.85,1252.5,1257.35,1254.9,1265.0,11089225,1402782793905000.0,245672,5796841,0.5227
2020-01-21,HDFCBANK,EQ,1254.9,1250.0,1250.0,1238.4,1244.9,1244.35,1244.14,7492402,932162110454999.9,216589,4587266,0.6123
2020-01-22,HDFCBANK,EQ,1244.35,1248.05,1255.0,1234.4,1241.85,1240.85,1243.37,9184155,1141927703485000.0,146555,6562205,0.7145
2020-01-23,HDFCBANK,EQ,1240.85,1240.0,1246.85,1231.0,1245.35,1244.85,1240.93,5754460,714090643750000.0,176401,3535947,0.6145
2020-01-24,HDFCBANK,EQ,1244.85,1246.0,1254.0,1239.1,1245.8,1244.55,1247.28,5915878,737877119730000.0,138884,3935384,0.6652
2020-01-27,HDFCBANK,EQ,1244.55,1235.0,1235.0,1211.75,1213.5,1213.2,1220.97,9444276,1153119281945000.0,268331,6145074,0.6507
2020-01-28,HDFCBANK,EQ,1213.2,1218.8,1227.8,1213.25,1223.1,1223.2,1221.37,6706079,819059914300000.0,219199,3712912,0.5537
2020-01-29,HDFCBANK,EQ,1223.2,1225.3,1242.0,1222.25,1235.8,1235.85,1235.01,6894175,851437212325000.0,155174,4588335,0.6655
2020-01-30,HDFCBANK,EQ,1235.85,1238.95,1238.95,1217.2,1227.9,1226.05,1224.75,6055992,741709065515000.0,195593,3937675,0.6502
2020-01-31,HDFCBANK,EQ,1226.05,1231.45,1237.8,1220.25,1224.25,1226.3,1230.24,5589134,687600086835000.0,169641,3563738,0.6376
2020-02-01,HDFCBANK,EQ,1226.3,1220.0,1227.7,1191.35,1192.5,1198.7,1210.2,4913643,594646766240000.0,132683,2536143,0.5161
2020-02-03,HDFCBANK,EQ,1198.7,1197.0,1197.95,1177.7,1194.0,1192.8,1188.67,6538505,777209636425000.0,251382,4024345,0.6154999999999999
2020-02-04,HDFCBANK,EQ,1192.8,1198.0,1234.0,1198.0,1229.0,1229.8,1222.0,10448852,1276852929090000.0,173447,6900844,0.6604000000000001
2020-02-05,HDFCBANK,EQ,1229.8,1234.9,1248.0,1227.3,1246.0,1244.65,1237.42,9010341,1114956456810000.0,150882,6955471,0.7719
2020-02-06,HDFCBANK,EQ,1244.65,1244.65,1248.7,1237.2,1239.95,1239.8,1242.01,5913775,734498242455000.0,126190,3640808,0.6156
2020-02-07,HDFCBANK,EQ,1239.8,1246.0,1247.0,1231.6,1240.0,1242.2,1238.21,3407724,421948681085000.0,81299,2193596,0.6437
2020-02-10,HDFCBANK,EQ,1242.2,1242.95,1242.95,1226.05,1240.95,1240.3,1235.68,4609917,569638810765000.0,105140,3208623,0.696
2020-02-11,HDFCBANK,EQ,1240.3,1243.3,1255.0,1238.05,1239.9,1240.6,1246.8,5806760,723987315345000.0,98063,3770138,0.6493000000000001
2020-02-12,HDFCBANK,EQ,1240.6,1245.2,1252.9,1244.05,1249.0,1249.0,1249.42,3148965,393438316655000.0,87413,2114375,0.6715000000000001
2020-02-13,HDFCBANK,EQ,1249.0,1259.9,1259.9,1233.6,1239.5,1241.4,1241.95,4556070,565843216020000.0,97099,2850913,0.6257
2020-02-14,HDFCBANK,EQ,1241.4,1243.2,1248.4,1215.0,1219.45,1219.35,1227.78,7344429,901735854729999.9,167779,4783189,0.6513
2020-02-17,HDFCBANK,EQ,1219.35,1225.0,1233.0,1214.45,1218.0,1217.15,1221.46,5076345,620053502485000.0,157333,3075780,0.6059
2020-02-18,HDFCBANK,EQ,1217.15,1216.9,1218.5,1203.5,1217.05,1213.25,1209.57,5264558,636787277245000.0,119172,3704300,0.7036
2020-02-19,HDFCBANK,EQ,1213.25,1222.5,1230.0,1213.9,1227.2,1227.2,1221.68,5006134,611590924910000.0,101692,3444477,0.6881
2020-02-20,HDFCBANK,EQ,1227.2,1230.0,1230.0,1214.1,1217.0,1217.1,1221.38,5561707,679297035970000.0,146273,3240543,0.5827
2020-02-24,HDFCBANK,EQ,1217.1,1208.95,1214.75,1200.0,1210.25,1209.95,1205.66,8284042,998775356429999.9,199969,6242053,0.7535
2020-02-25,HDFCBANK,EQ,1209.95,1204.0,1209.0,1198.0,1201.8,1200.3,1201.07,6943340,833945821780000.0,193249,5185085,0.7468000000000001
2020-02-26,HDFCBANK,EQ,1200.3,1197.5,1204.7,1185.65,1201.1,1199.25,1195.09,6907393,825495631875000.0,191519,4691104,0.6790999999999999
2020-02-27,HDFCBANK,EQ,1199.25,1195.0,1202.5,1181.0,1199.65,1199.45,1191.25,10327549,1230266588020000.0,241038,6138007,0.5943
2020-02-28,HDFCBANK,EQ,1199.45,1175.5,1185.0,1170.1,1178.8,1177.65,1176.25,12156528,1429916701440000.0,276737,8662385,0.7126
2020-03-02,HDFCBANK,EQ,1177.65,1200.2,1201.15,1166.15,1185.0,1179.6,1184.61,7332449,868607736554999.9,197905,4540186,0.6192000000000001
2020-03-03,HDFCBANK,EQ,1179.6,1175.0,1185.35,1168.0,1182.5,1181.8,1178.14,11184775,1317718199765000.0,233028,7497411,0.6703
2020-03-04,HDFCBANK,EQ,1181.8,1178.35,1180.0,1133.1,1149.15,1148.85,1152.73,17144435,1976284678470000.0,503032,11834147,0.6903
2020-03-05,HDFCBANK,EQ,1148.85,1153.0,1165.0,1142.75,1149.0,1151.35,1155.77,9774854,1129745038935000.0,262470,5681138,0.5811999999999999
2020-03-06,HDFCBANK,EQ,1151.35,1125.0,1140.9,1101.0,1134.0,1134.9,1124.34,11526783,1295999902740000.0,272373,6744175,0.5851
2020-03-09,HDFCBANK,EQ,1134.9,1110.0,1118.4,1065.0,1112.0,1107.3,1094.8,17210297,1884187187425000.0,427518,11111864,0.6456999999999999
2020-03-11,HDFCBANK,EQ,1107.3,1105.0,1120.0,1092.0,1110.0,1113.8,1105.77,17769198,1964864008625000.0,344285,12492811,0.7031000000000001
2020-03-12,HDFCBANK,EQ,1113.8,1075.0,1080.0,1003.45,1032.0,1021.3,1036.26,29500406,3057000419295000.0,503472,18695622,0.6337
2020-03-13,HDFCBANK,EQ,1021.3,980.05,1081.45,919.2,1074.0,1069.8,1018.3,33171603,3377861428540000.0,541649,18672328,0.5629
2020-03-16,HDFCBANK,EQ,1069.8,1035.0,1037.0,995.0,1001.25,999.5,1013.09,15993174,1620248460430000.0,430742,9357160,0.5851
2020-03-17,HDFCBANK,EQ,999.5,1008.0,1010.0,954.7,976.2,975.1,982.62,21338641,2096784137115000.2,447922,11352389,0.532
2020-03-18,HDFCBANK,EQ,975.1,985.0,993.0,865.0,898.5,876.9,916.25,30593809,2803143211860000.0,652391,18513396,0.6051
2020-03-19,HDFCBANK,EQ,876.9,847.0,919.95,795.0,904.6,895.55,857.03,33610239,2880507899925000.0,632617,16243587,0.4833
2020-03-20,HDFCBANK,EQ,895.55,875.0,914.6,824.55,881.25,882.85,868.05,44319015,3847108249500000.0,790631,18885164,0.4261
2020-03-23,HDFCBANK,EQ,882.85,794.6,838.75,765.0,778.9,771.55,784.5,25142273,1972413834890000.2,590210,15218583,0.6053000000000001
2020-03-24,HDFCBANK,EQ,771.55,795.25,810.0,738.75,774.8,767.7,775.82,30528676,2368471204725000.0,634897,15424639,0.5053
2020-03-25,HDFCBANK,EQ,767.7,770.45,867.45,755.25,863.0,856.75,803.92,23614449,1898405513370000.0,608039,10925368,0.46270000000000006
2020-03-26,HDFCBANK,EQ,856.75,870.1,937.7,841.0,898.0,901.1,898.62,28521681,2563014017280000.0,627160,12010671,0.42110000000000003
2020-03-27,HDFCBANK,EQ,901.1,944.95,988.65,872.1,900.0,904.45,923.14,27619436,2549666736835000.0,651440,9442614,0.3419
2020-03-30,HDFCBANK,EQ,904.45,880.0,887.0,828.0,831.0,831.65,858.48,19634313,1685565509540000.0,491743,9022080,0.4595
2020-03-31,HDFCBANK,EQ,831.65,853.8,873.6,838.0,857.95,861.9,854.73,17605997,1504844504115000.0,411360,8065907,0.4581
2020-04-01,HDFCBANK,EQ,861.9,863.85,863.85,820.0,829.55,829.65,831.99,14551758,1210693330125000.0,354947,5957515,0.4094
2020-04-03,HDFCBANK,EQ,829.65,843.0,844.0,810.0,811.0,813.85,825.26,17499063,1444131797620000.0,392455,8690196,0.4966
2020-04-07,HDFCBANK,EQ,813.85,874.0,907.3,845.35,895.8,896.1,871.57,30206626,2632731532580000.0,475198,17083041,0.5655
2020-04-08,HDFCBANK,EQ,896.1,879.95,945.0,866.1,888.7,888.9,902.09,28109877,2535760908460000.0,503019,11952742,0.4252
2020-04-09,HDFCBANK,EQ,888.9,913.0,930.9,890.0,922.1,925.05,913.38,22229012,2030346286540000.2,417910,7759278,0.34909999999999997
2020-04-13,HDFCBANK,EQ,925.05,934.0,946.7,886.2,897.8,895.35,907.82,17079259,1550482849850000.0,389148,6261962,0.3666
2020-04-15,HDFCBANK,EQ,895.35,930.5,930.5,843.0,865.15,863.3,885.42,28989523,2566793118770000.0,517354,13261188,0.45740000000000003
2020-04-16,HDFCBANK,EQ,863.3,865.0,890.7,856.25,884.25,879.75,870.76,26927231,2344703048050000.0,467724,12899088,0.479
2020-04-17,HDFCBANK,EQ,879.75,915.0,920.0,887.25,915.1,910.3,906.63,27941831,2533302914480000.0,453652,13482185,0.4825
2020-04-20,HDFCBANK,EQ,910.3,951.0,960.95,935.0,943.3,944.85,945.7,33116614,3131849581780000.0,555965,13530602,0.4086
2020-04-21,HDFCBANK,EQ,944.85,925.0,934.0,908.0,919.15,921.65,922.24,16589148,1529919619955000.0,291815,7314644,0.44090000000000007
2020-04-22,HDFCBANK,EQ,921.65,919.15,933.0,907.3,929.75,928.6,920.24,19144678,1761767141590000.2,258479,10177427,0.5316
2020-04-23,HDFCBANK,EQ,928.6,935.0,958.5,912.55,952.1,954.95,939.81,20450895,1921991130215000.2,424855,9826569,0.4805
2020-04-24,HDFCBANK,EQ,954.95,933.0,958.4,926.0,937.0,938.05,938.02,16642831,1561126824420000.0,293787,8000341,0.4807
2020-04-27,HDFCBANK,EQ,938.05,945.15,957.4,926.3,929.95,929.7,941.28,13710727,1290566987650000.0,266336,6056487,0.44170000000000004
2020-04-28,HDFCBANK,EQ,929.7,943.8,943.8,922.0,933.3,931.4,930.5,14720773,1369760634935000.0,239400,6302095,0.42810000000000004
2020-04-29,HDFCBANK,EQ,931.4,935.0,992.7,934.1,970.05,977.1,964.08,27939019,2693541799495000.0,450180,10960329,0.3923
2020-04-30,HDFCBANK,EQ,977.1,1001.4,1019.0,992.1,1000.0,1001.8,1006.05,21897643,2203013043609999.8,451072,8534959,0.3898
2020-05-04,HDFCBANK,EQ,1001.8,957.5,960.0,917.5,924.9,923.0,932.42,13361177,1245816694610000.0,383166,6246738,0.4675
2020-05-05,HDFCBANK,EQ,923.0,938.0,944.0,908.05,914.5,911.45,928.05,14837190,1376958359190000.0,298424,4848835,0.3268
2020-05-06,HDFCBANK,EQ,911.45,919.0,950.0,905.65,946.55,946.4,936.39,16893140,1581850198340000.0,310813,4169602,0.2468
2020-05-07,HDFCBANK,EQ,946.4,940.5,943.3,921.35,927.3,925.0,930.31,10916003,1015530960554999.9,226640,3399155,0.3114
2020-05-08,HDFCBANK,EQ,925.0,942.0,943.95,925.2,930.0,929.05,932.46,10403747,970106899485000.0,176643,3723731,0.3579
2020-05-11,HDFCBANK,EQ,929.05,937.0,954.0,914.0,915.9,915.8,934.32,14275392,1333775931560000.0,316129,5926950,0.4152
2020-05-12,HDFCBANK,EQ,915.8,901.0,909.4,871.1,902.5,901.55,888.33,24784324,2201657113250000.0,516512,9460568,0.38170000000000004
2020-05-13,HDFCBANK,EQ,901.55,951.0,960.0,922.1,928.95,927.65,938.46,22173554,2080900986275000.0,396148,9094925,0.41020000000000006
2020-05-14,HDFCBANK,EQ,927.65,898.0,911.0,890.0,893.85,893.7,899.79,19777445,1779552926015000.2,364023,8394283,0.4244
2020-05-15,HDFCBANK,EQ,893.7,890.5,892.4,875.0,888.0,888.15,885.0,12174870,1077479713475000.0,280499,4280446,0.35159999999999997
2020-05-18,HDFCBANK,EQ,888.15,888.0,888.0,831.3,838.0,836.65,847.83,23326656,1977695402630000.0,533951,10660724,0.457
2020-05-19,HDFCBANK,EQ,836.65,860.85,867.3,826.1,832.85,830.65,846.32,23730561,2008376636100000.0,415550,8905443,0.3753
2020-05-20,HDFCBANK,EQ,830.65,836.45,864.0,832.2,863.5,857.1,844.42,20007413,1689473859295000.0,359835,8748975,0.43729999999999997
2020-05-21,HDFCBANK,EQ,857.1,861.45,884.0,852.3,860.4,859.55,870.64,24239683,2110407491084999.8,416994,10837256,0.4471
2020-05-22,HDFCBANK,EQ,859.55,850.0,870.3,833.05,842.65,838.85,844.52,21025849,1775680930245000.0,382888,5893652,0.2803
2020-05-26,HDFCBANK,EQ,838.85,857.0,871.75,848.75,858.0,852.4,860.62,19002589,1635402445840000.0,303415,7852814,0.4132
2020-05-27,HDFCBANK,EQ,852.4,859.9,909.8,857.15,901.4,903.65,881.85,28013227,2470358407790000.0,388895,11070917,0.39520000000000005
2020-05-28,HDFCBANK,EQ,903.65,920.0,950.0,913.95,947.5,945.25,938.36,37744926,3541844786885000.0,631552,15665889,0.41500000000000004
2020-05-29,HDFCBANK,EQ,945.25,944.0,955.0,923.45,947.1,951.65,937.44,26512600,2485397252955000.0,352639,10530145,0.3972
2020-06-01,HDFCBANK,EQ,951.65,975.0,995.0,966.1,984.05,987.65,987.51,19595373,1935054062565000.2,294542,6299582,0.3215
2020-06-02,HDFCBANK,EQ,987.65,986.7,1005.0,975.2,1005.0,1001.0,993.25,20811909,2067144082450000.0,312508,6647318,0.3194
2020-06-03,HDFCBANK,EQ,1001.0,1020.0,1046.25,1015.45,1023.0,1022.25,1029.96,25273067,2603031986380000.0,336920,10366214,0.41020000000000006
2020-06-04,HDFCBANK,EQ,1022.25,1028.05,1038.95,991.1,995.0,1001.7,1015.67,27139478,2756467512250000.0,406454,9199898,0.33899999999999997
2020-06-05,HDFCBANK,EQ,1001.7,1003.1,1042.4,1002.8,1039.05,1033.35,1022.13,17598103,1798762606525000.0,281754,4654447,0.2645
2020-06-08,HDFCBANK,EQ,1033.35,1060.0,1066.65,1006.4,1016.8,1015.9,1031.68,24906362,2569546473170000.0,388541,7761480,0.3116
2020-06-09,HDFCBANK,EQ,1015.9,1020.0,1026.75,979.55,984.45,987.3,1004.5,30922894,3106206330435000.0,417245,13311975,0.4305
2020-06-10,HDFCBANK,EQ,987.3,990.0,999.85,978.2,993.0,991.85,989.98,18248880,1806610146850000.0,263364,5264844,0.28850000000000003
2020-06-11,HDFCBANK,EQ,991.85,985.0,988.4,965.0,969.3,968.6,976.14,15449142,1508048530095000.0,290542,4276390,0.2768
