Date,Symbol,Series,Prev Close,Open,High,Low,Last,Close,VWAP,Volume,Turnover,Trades,Deliverable Volume,%Deliverble
2019-08-22,HINDPETRO,EQ,238.75,238.05,238.9,225.0,227.0,226.45,231.49,3064511,70939343790000.0,52144,1445588,0.4717
2019-08-23,HINDPETRO,EQ,226.45,227.0,242.5,223.75,239.75,238.3,234.09,5739378,134352731495000.0,95248,2638009,0.4596
2019-08-26,HINDPETRO,EQ,238.3,240.2,254.0,234.55,251.75,252.45,246.15,5573898,137202471275000.0,62394,2259431,0.4054
2019-08-27,HINDPETRO,EQ,252.45,251.5,261.7,251.5,261.25,259.75,258.36,6335301,163676574205000.0,83697,3546631,0.5598
2019-08-28,HINDPETRO,EQ,259.75,258.15,268.6,255.25,267.95,265.05,260.24,4926503,128205121950000.0,57046,2668968,0.5418000000000001
2019-08-29,HINDPETRO,EQ,265.05,263.2,269.2,260.5,265.3,265.9,264.27,4561426,120544823730000.0,60171,2339624,0.5129
2019-08-30,HINDPETRO,EQ,265.9,265.0,265.0,252.55,259.5,260.15,257.62,6047902,155804661430000.0,55040,2389632,0.3951
2019-09-03,HINDPETRO,EQ,260.15,257.35,262.55,251.35,256.2,256.8,257.31,4493899,115633769934999.98,50927,1418484,0.3156
2019-09-04,HINDPETRO,EQ,256.8,255.5,258.45,249.15,257.15,257.2,253.33,4535217,114889096495000.0,83944,1914206,0.42210000000000003
2019-09-05,HINDPETRO,EQ,257.2,255.0,275.0,254.8,264.5,265.05,266.81,8935849,238419324344999.97,137318,2589960,0.2898
2019-09-06,HINDPETRO,EQ,265.05,264.3,266.0,258.25,261.9,261.9,261.1,5069905,132372938915000.02,87118,2322265,0.45799999999999996
2019-09-09,HINDPETRO,EQ,261.9,259.1,264.0,258.4,262.15,261.95,261.65,2843631,74404337865000.0,29683,751345,0.26420000000000005
2019-09-11,HINDPETRO,EQ,261.95,260.55,267.4,259.6,265.4,266.0,264.68,4606154,121917169015000.02,53423,2199476,0.47750000000000004
2019-09-12,HINDPETRO,EQ,266.0,267.35,274.5,261.2,262.0,262.65,267.53,5869421,157022800005000.0,54441,1228866,0.20940000000000003
2019-09-13,HINDPETRO,EQ,262.65,264.65,272.9,259.5,271.75,271.15,266.86,7628082,203564760020000.0,67642,1761366,0.2309
2019-09-16,HINDPETRO,EQ,271.15,260.0,260.0,250.4,255.3,255.65,254.51,12476044,317523622260000.0,101667,3740789,0.2998
2019-09-17,HINDPETRO,EQ,255.65,255.0,255.65,244.25,245.3,245.9,249.1,13824975,344384734055000.0,174165,6327299,0.45770000000000005
2019-09-18,HINDPETRO,EQ,245.9,252.55,257.3,248.75,256.5,255.05,253.43,10529318,266840280685000.0,75864,2592722,0.2462
2019-09-19,HINDPETRO,EQ,255.05,257.0,258.95,248.6,250.7,251.0,252.27,5281057,133223044850000.0,63511,1519311,0.2877
2019-09-20,HINDPETRO,EQ,251.0,250.05,285.9,247.25,276.7,277.25,272.2,17266088,469987106930000.0,131154,7342720,0.4253
2019-09-23,HINDPETRO,EQ,277.25,278.0,293.4,277.2,287.5,288.45,284.8,8908295,253708736869999.97,69534,2716120,0.3049
2019-09-24,HINDPETRO,EQ,288.45,288.45,298.25,280.1,281.65,282.85,286.96,12813130,367679460770000.0,132562,4220105,0.32939999999999997
2019-09-25,HINDPETRO,EQ,282.85,284.45,288.75,278.05,284.8,285.4,283.66,8473780,240366066410000.0,89522,1737566,0.20510000000000003
2019-09-26,HINDPETRO,EQ,285.4,289.8,306.85,288.7,303.0,304.65,300.69,15577164,468396944410000.06,167574,3402566,0.2184
2019-09-27,HINDPETRO,EQ,304.65,304.65,312.7,302.0,305.6,305.85,307.71,11202716,344713861945000.0,127538,3919569,0.34990000000000004
2019-09-30,HINDPETRO,EQ,305.85,305.7,310.9,296.6,302.3,301.7,303.56,7797774,236710795675000.0,67563,2996098,0.38420000000000004
2019-10-01,HINDPETRO,EQ,301.7,310.0,322.1,300.3,309.4,309.45,311.7,16142528,503165726139999.94,174247,4620052,0.2862
2019-10-03,HINDPETRO,EQ,309.45,310.5,327.45,310.5,323.8,322.95,320.09,12775386,408933682185000.0,122392,2896058,0.2267
2019-10-04,HINDPETRO,EQ,322.95,327.75,328.75,313.2,320.55,320.7,319.91,7476013,239166212330000.03,81004,1679494,0.22469999999999998
2019-10-07,HINDPETRO,EQ,320.7,316.2,317.85,306.3,307.85,307.35,310.39,6569663,203913302915000.0,41561,2876930,0.4379
2019-10-09,HINDPETRO,EQ,307.35,307.95,319.8,302.1,314.4,314.5,313.13,6099024,190980308870000.0,56736,1901367,0.31170000000000003
2019-10-10,HINDPETRO,EQ,314.5,314.0,316.55,307.6,310.3,311.15,311.9,3553996,110848365725000.0,27504,1335011,0.37560000000000004
2019-10-11,HINDPETRO,EQ,311.15,310.3,313.95,302.1,308.6,308.45,308.3,5158308,159032030880000.0,51204,1508048,0.2924
2019-10-14,HINDPETRO,EQ,308.45,309.95,320.7,308.4,310.15,310.5,313.56,5465692,171383909620000.0,38271,1573206,0.2878
2019-10-15,HINDPETRO,EQ,310.5,312.45,315.15,309.65,311.3,311.05,312.01,3823070,119282009925000.0,37115,1264982,0.3309
2019-10-16,HINDPETRO,EQ,311.05,315.5,321.9,309.25,313.55,313.15,314.98,6738842,212261355445000.0,66926,1347898,0.2
2019-10-17,HINDPETRO,EQ,313.15,314.95,315.0,306.55,313.05,313.95,311.37,4882673,152033542890000.0,50066,1634584,0.3348
2019-10-18,HINDPETRO,EQ,313.95,313.0,322.35,310.65,313.0,313.85,316.89,6703804,212434523440000.0,67836,2826143,0.4216
2019-10-22,HINDPETRO,EQ,313.85,316.95,320.45,312.3,316.9,316.9,316.07,6171806,195074576955000.0,63773,2298295,0.3724
2019-10-23,HINDPETRO,EQ,316.9,315.25,318.45,308.0,308.5,308.7,313.09,4247357,132980898815000.02,37559,1623032,0.3821
2019-10-24,HINDPETRO,EQ,308.7,306.0,309.5,298.15,299.95,299.1,301.25,5773873,173936503415000.0,53052,2372012,0.4108
2019-10-25,HINDPETRO,EQ,299.1,298.2,306.4,298.15,301.5,301.05,302.76,4232379,128140346630000.0,53237,1420823,0.3357
2019-10-27,HINDPETRO,EQ,301.05,302.0,303.65,302.0,302.2,302.7,302.64,177327,5366594925000.0,2023,71343,0.4023
2019-10-29,HINDPETRO,EQ,302.7,309.3,313.65,305.7,310.1,310.05,310.62,5972157,185508750175000.0,65821,2738566,0.4586
2019-10-30,HINDPETRO,EQ,310.05,312.8,323.0,311.0,317.95,318.4,318.76,7171629,228600804790000.0,101168,3236404,0.45130000000000003
2019-10-31,HINDPETRO,EQ,318.4,321.0,328.0,320.1,323.1,325.25,324.11,8026901,260161604480000.03,123516,3890392,0.4847
2019-11-01,HINDPETRO,EQ,325.25,322.15,327.45,314.0,320.7,320.95,321.27,5770302,185382425400000.0,72288,1572402,0.2725
2019-11-04,HINDPETRO,EQ,320.95,318.7,325.7,318.1,319.5,319.1,321.22,2979670,95711849035000.0,61557,1039229,0.34880000000000005
2019-11-05,HINDPETRO,EQ,319.1,317.5,322.95,311.15,311.35,312.5,315.28,3704276,116789438450000.0,79238,1456648,0.3932
2019-11-06,HINDPETRO,EQ,312.5,311.0,316.5,310.3,314.9,313.95,313.21,2595028,81277798645000.0,35821,660397,0.2545
2019-11-07,HINDPETRO,EQ,313.95,316.95,316.95,306.6,310.3,310.45,312.37,5893535,184096416670000.0,61188,1248275,0.2118
2019-11-08,HINDPETRO,EQ,310.45,310.0,311.4,291.9,293.55,293.95,300.46,8482305,254855421340000.0,85731,4222822,0.4978
2019-11-11,HINDPETRO,EQ,293.95,293.4,300.85,292.2,298.8,298.7,297.3,3282758,97596988700000.0,43247,844730,0.25730000000000003
2019-11-13,HINDPETRO,EQ,298.7,296.9,299.5,288.0,292.45,291.3,292.76,5844574,171106316505000.0,51211,3025761,0.5177
2019-11-14,HINDPETRO,EQ,291.3,291.25,292.05,284.3,287.75,288.55,287.76,5617128,161638866145000.0,82016,2783761,0.49560000000000004
2019-11-15,HINDPETRO,EQ,288.55,287.75,292.95,286.35,289.5,290.2,289.95,2573038,74604065330000.0,25267,754278,0.29309999999999997
2019-11-18,HINDPETRO,EQ,290.2,293.9,296.45,287.1,289.5,290.15,290.56,6854901,199177999740000.0,83424,2551822,0.37229999999999996
2019-11-19,HINDPETRO,EQ,290.15,291.4,292.85,288.15,291.0,290.2,290.58,2036661,59182100000000.0,19805,655681,0.32189999999999996
2019-11-20,HINDPETRO,EQ,290.2,296.05,302.5,293.3,295.95,295.9,296.57,7746295,229734381169999.97,84770,2455305,0.317
2019-11-21,HINDPETRO,EQ,295.9,302.0,302.0,284.85,287.2,286.8,290.89,7726635,224760916894999.97,63501,3173826,0.4108
2019-11-22,HINDPETRO,EQ,286.8,284.95,291.6,283.8,290.4,290.35,288.88,3532260,102040987300000.0,33364,1274114,0.3607
2019-11-25,HINDPETRO,EQ,290.35,289.0,297.3,287.4,295.65,295.6,294.54,3487647,102725922235000.0,47033,1213505,0.3479
2019-11-26,HINDPETRO,EQ,295.6,296.0,298.1,286.7,288.4,289.4,290.99,5884821,171242905630000.0,54366,2894823,0.4919
2019-11-27,HINDPETRO,EQ,289.4,287.0,291.0,285.1,286.5,286.5,286.9,3030250,86938696475000.0,28453,1437592,0.4744
2019-11-28,HINDPETRO,EQ,286.5,287.8,293.45,284.35,289.7,290.7,289.16,4012844,116036992050000.0,58281,1533247,0.3821
2019-11-29,HINDPETRO,EQ,290.7,291.9,292.5,280.55,281.65,282.6,284.53,5692457,161967113935000.0,98998,2871766,0.5045000000000001
2019-12-02,HINDPETRO,EQ,282.6,282.6,283.95,278.3,280.55,281.8,280.92,2789553,78364366680000.0,23841,1058197,0.3793
2019-12-03,HINDPETRO,EQ,281.8,282.95,283.9,271.65,273.4,274.4,276.55,3354969,92782412860000.0,36523,1634619,0.4872
2019-12-04,HINDPETRO,EQ,274.4,271.55,272.5,266.5,269.4,269.8,269.46,5585746,150511710000000.0,72569,3113496,0.5574
2019-12-05,HINDPETRO,EQ,269.8,268.5,272.5,265.0,265.6,265.9,269.08,3961913,106607898435000.0,41931,1715642,0.433
2019-12-06,HINDPETRO,EQ,265.9,265.0,269.0,262.0,264.0,263.0,264.24,3803344,100500191580000.0,40183,1652186,0.4344
2019-12-09,HINDPETRO,EQ,263.0,263.0,269.95,262.25,268.4,268.9,266.76,3536664,94344963650000.0,42989,1089100,0.3079
2019-12-10,HINDPETRO,EQ,268.9,268.4,269.75,260.0,260.85,260.45,263.25,2994732,78835838225000.0,35533,1340549,0.4476
2019-12-11,HINDPETRO,EQ,260.45,260.45,266.4,258.25,263.0,262.65,262.25,5178097,135797321259999.98,58458,2588033,0.49979999999999997
2019-12-12,HINDPETRO,EQ,262.65,265.25,268.1,264.0,265.65,266.2,266.1,2886344,76806104165000.0,52921,1074436,0.3722
2019-12-13,HINDPETRO,EQ,266.2,266.2,268.8,263.4,267.3,267.4,266.77,2356235,62858195545000.01,31358,781830,0.3318
2019-12-16,HINDPETRO,EQ,267.4,267.2,268.5,263.25,266.6,266.8,266.03,3713618,98795075930000.0,64396,1774130,0.4777
2019-12-17,HINDPETRO,EQ,266.8,266.7,268.65,263.6,265.0,264.9,265.98,2362391,62834605795000.01,41498,1007722,0.4266
2019-12-18,HINDPETRO,EQ,264.9,264.05,265.5,262.2,263.25,263.8,263.53,2866222,75532447475000.0,32672,1260611,0.43979999999999997
2019-12-19,HINDPETRO,EQ,263.8,263.0,265.95,262.35,265.1,264.85,264.27,1820243,48103143710000.0,32210,722082,0.39670000000000005
2019-12-20,HINDPETRO,EQ,264.85,264.9,267.7,262.75,263.35,263.9,264.91,2060059,54573954635000.0,18498,1039330,0.5045000000000001
2019-12-23,HINDPETRO,EQ,263.9,264.35,268.65,264.2,265.3,265.95,266.6,2249100,59961041245000.01,20356,757438,0.3368
2019-12-24,HINDPETRO,EQ,265.95,265.0,266.45,261.0,261.9,262.45,263.98,1988923,52503831420000.0,13536,839217,0.4219
2019-12-26,HINDPETRO,EQ,262.45,261.0,264.65,257.85,258.2,258.6,260.61,2768841,72157594455000.0,25413,753914,0.2723
2019-12-27,HINDPETRO,EQ,258.6,259.0,267.8,258.4,265.25,266.6,264.4,3082343,81498478545000.0,22072,1072054,0.3478
2019-12-30,HINDPETRO,EQ,266.6,265.95,267.9,263.05,266.85,267.2,265.48,1890538,50190098080000.0,19049,407815,0.2157
2019-12-31,HINDPETRO,EQ,267.2,266.85,270.6,264.0,264.15,264.5,266.55,2675474,71315074385000.0,31208,756350,0.2827
2020-01-01,HINDPETRO,EQ,264.5,264.9,266.55,263.6,265.55,265.5,265.41,765044,20305368985000.0,7759,106685,0.1394
2020-01-02,HINDPETRO,EQ,265.5,266.5,270.65,264.55,268.9,269.5,268.28,2336221,62675200115000.0,18904,1043355,0.4466
2020-01-03,HINDPETRO,EQ,269.5,264.9,266.15,261.5,263.7,263.7,263.87,4110082,108451351745000.0,36332,1057319,0.25730000000000003
2020-01-06,HINDPETRO,EQ,263.7,256.2,260.95,243.95,244.5,244.65,249.71,12071439,301435813940000.0,103496,4930912,0.40850000000000003
2020-01-07,HINDPETRO,EQ,244.65,250.0,253.7,239.3,244.0,242.15,245.39,12074187,296282463305000.0,90556,2905766,0.2407
2020-01-08,HINDPETRO,EQ,242.15,235.0,243.35,235.0,242.7,241.7,240.68,8293440,199610410885000.0,58529,1884050,0.22719999999999999
2020-01-09,HINDPETRO,EQ,241.7,250.0,254.0,246.5,252.05,252.95,250.29,7942398,198792414680000.0,90802,2198216,0.2768
2020-01-10,HINDPETRO,EQ,252.95,254.5,255.5,250.3,252.95,253.35,253.05,5357669,135575618059999.98,60251,1935696,0.3613
2020-01-13,HINDPETRO,EQ,253.35,253.2,256.9,251.85,252.25,252.35,253.91,2846331,72271225330000.0,33137,1219620,0.42850000000000005
2020-01-14,HINDPETRO,EQ,252.35,255.0,257.8,253.6,255.0,254.5,255.72,2853077,72957578740000.0,29109,966705,0.33880000000000005
2020-01-15,HINDPETRO,EQ,254.5,254.5,257.45,252.6,256.15,255.95,255.42,2172267,55483865360000.0,24578,740074,0.3407
2020-01-16,HINDPETRO,EQ,255.95,256.25,257.35,249.4,250.0,250.2,251.26,3990321,100260785585000.0,37020,1958459,0.4908
2020-01-17,HINDPETRO,EQ,250.2,248.0,252.7,246.85,250.05,249.65,249.97,3905216,97617440825000.0,45677,1779925,0.4558
2020-01-20,HINDPETRO,EQ,249.65,250.0,254.5,247.05,248.9,248.75,250.92,3421759,85858802715000.0,54191,820062,0.2397
2020-01-21,HINDPETRO,EQ,248.75,248.85,251.85,248.0,249.0,249.45,249.99,2262648,56563395275000.0,72144,687724,0.3039
2020-01-22,HINDPETRO,EQ,249.45,251.35,252.3,243.9,245.45,245.15,248.74,2680161,66667486315000.0,60160,1006786,0.37560000000000004
2020-01-23,HINDPETRO,EQ,245.15,248.0,251.25,244.3,245.5,246.8,248.64,4717684,117300772050000.0,45514,1802229,0.38200000000000006
2020-01-24,HINDPETRO,EQ,246.8,248.4,249.4,244.0,244.75,244.8,246.94,3816555,94246100480000.0,40384,1589196,0.4164
2020-01-27,HINDPETRO,EQ,244.8,245.5,246.6,240.0,240.5,241.0,243.98,3490953,85171433535000.0,37474,1285292,0.3682
2020-01-28,HINDPETRO,EQ,241.0,242.0,245.2,241.2,242.15,242.35,243.32,3356447,81668934295000.0,43046,1130308,0.3368
2020-01-29,HINDPETRO,EQ,242.35,243.0,248.25,241.35,246.0,245.7,245.62,3769731,92592945010000.0,33117,1428064,0.3788
2020-01-30,HINDPETRO,EQ,245.7,246.0,246.95,238.2,239.45,240.1,241.36,3872975,93478072480000.0,32344,1802525,0.4654
2020-01-31,HINDPETRO,EQ,240.1,242.0,242.15,231.35,232.55,232.45,235.59,4595587,108268590184999.98,38460,2245101,0.48850000000000005
2020-02-01,HINDPETRO,EQ,232.45,231.3,236.85,221.8,222.0,224.7,230.46,3250928,74919329705000.0,29034,808390,0.2487
2020-02-03,HINDPETRO,EQ,224.7,225.0,230.5,221.6,223.65,223.4,225.24,4316241,97219485140000.0,51296,1640426,0.3801
2020-02-04,HINDPETRO,EQ,223.4,226.3,233.65,226.1,232.2,231.7,229.95,5013569,115284774300000.0,69065,1716762,0.34240000000000004
2020-02-05,HINDPETRO,EQ,231.7,233.1,239.15,232.5,237.05,236.95,236.57,4989111,118027401375000.0,53393,1891484,0.3791
2020-02-06,HINDPETRO,EQ,236.95,234.05,245.0,233.0,242.95,243.4,238.5,6589559,157164157005000.0,49748,2198705,0.3337
2020-02-07,HINDPETRO,EQ,243.4,242.0,243.4,236.6,240.15,241.05,239.69,3972973,95230012970000.0,44151,1477172,0.3718
2020-02-10,HINDPETRO,EQ,241.05,241.0,244.05,237.8,238.25,238.85,241.11,3378866,81468566070000.0,31424,1416448,0.4192
2020-02-11,HINDPETRO,EQ,238.85,241.2,243.45,239.55,240.35,240.0,241.16,2628201,63380540340000.0,39288,1188720,0.4523
2020-02-12,HINDPETRO,EQ,240.0,240.6,242.1,232.85,233.7,233.55,235.74,2431744,57326851140000.0,28079,1004777,0.4132
2020-02-13,HINDPETRO,EQ,233.55,233.7,236.2,232.3,234.85,235.05,234.54,1678476,39367779245000.0,19482,562339,0.335
2020-02-14,HINDPETRO,EQ,235.05,235.4,238.35,233.15,233.15,233.85,236.57,2328670,55089967850000.0,26114,754448,0.324
2020-02-17,HINDPETRO,EQ,233.85,234.0,234.7,229.15,230.0,230.0,230.8,1282476,29598953635000.004,16457,352680,0.275
2020-02-18,HINDPETRO,EQ,230.0,228.7,230.2,222.25,224.45,224.95,224.66,5379083,120844155000000.0,42127,2563522,0.47659999999999997
2020-02-19,HINDPETRO,EQ,224.95,226.0,227.0,223.5,226.2,226.45,225.39,2791585,62918719404999.99,24108,1029365,0.36869999999999997
2020-02-20,HINDPETRO,EQ,226.45,224.5,228.0,222.0,222.6,222.4,224.53,4909405,110231624875000.0,37171,2752557,0.5607
2020-02-24,HINDPETRO,EQ,222.4,222.2,222.6,213.9,214.7,216.2,219.01,3931405,86102956375000.0,42667,1757222,0.44700000000000006
2020-02-25,HINDPETRO,EQ,216.2,217.0,218.35,207.8,211.3,211.05,212.78,3624427,77121633500000.0,41987,1429362,0.3944
2020-02-26,HINDPETRO,EQ,211.05,211.0,211.3,207.15,208.4,208.85,209.04,5069210,105967938005000.0,43117,2435380,0.4804
2020-02-27,HINDPETRO,EQ,208.85,209.0,211.7,203.15,206.15,204.4,207.07,5070833,104999433200000.0,59759,2185571,0.43100000000000005
2020-02-28,HINDPETRO,EQ,204.4,202.95,203.0,194.5,197.55,197.55,197.79,6824810,134989714390000.02,54781,2743134,0.4019
2020-03-02,HINDPETRO,EQ,197.55,200.7,204.25,193.05,195.0,194.95,199.8,3637789,72682120210000.0,32827,1099715,0.3023
2020-03-03,HINDPETRO,EQ,194.95,196.05,207.85,196.0,206.5,205.55,203.68,6194553,126167573530000.0,47805,2061952,0.3329
2020-03-04,HINDPETRO,EQ,205.55,207.0,207.9,201.25,204.95,206.1,205.26,4134402,84863832830000.0,28790,1535217,0.3713
2020-03-05,HINDPETRO,EQ,206.1,206.95,210.8,203.1,204.0,203.7,206.26,4449463,91773327550000.0,31208,2104114,0.4729
2020-03-06,HINDPETRO,EQ,203.7,198.0,204.1,191.1,201.7,201.15,198.63,7819766,155322355105000.0,49000,4088914,0.5229
2020-03-09,HINDPETRO,EQ,201.15,206.15,226.85,204.6,209.35,212.6,215.9,24698143,533241158470000.0,183239,8677325,0.35130000000000006
2020-03-11,HINDPETRO,EQ,212.6,208.0,214.45,203.7,210.35,211.05,208.08,8384982,174475507435000.0,95011,3545926,0.4229
2020-03-12,HINDPETRO,EQ,211.05,204.65,204.65,180.3,187.5,184.2,187.91,11874314,223134079444999.97,99784,4879120,0.41090000000000004
2020-03-13,HINDPETRO,EQ,184.2,179.4,201.9,150.0,198.55,197.6,189.68,10630895,201647501300000.0,101281,3427824,0.3224
2020-03-16,HINDPETRO,EQ,197.6,191.85,215.5,184.0,205.0,204.8,206.35,14422721,297607528815000.0,106081,4070394,0.2822
2020-03-17,HINDPETRO,EQ,204.8,206.0,221.9,200.25,218.9,217.05,217.01,11902759,258297915255000.03,159775,4779176,0.40149999999999997
2020-03-18,HINDPETRO,EQ,217.05,219.0,222.15,202.0,209.0,205.3,210.11,5328383,111954032359999.98,44670,1537438,0.28850000000000003
2020-03-19,HINDPETRO,EQ,205.3,193.1,202.5,180.0,190.6,190.1,192.14,8990449,172744525345000.0,89235,2628506,0.2924
2020-03-20,HINDPETRO,EQ,190.1,195.4,212.45,189.6,210.0,208.5,201.88,7869410,158869264835000.0,52680,2997163,0.3809
2020-03-23,HINDPETRO,EQ,208.5,195.7,197.9,177.6,184.0,183.8,188.65,5621257,106046376455000.0,67145,2875050,0.5115
2020-03-24,HINDPETRO,EQ,183.8,190.75,194.0,178.75,185.95,184.55,185.03,5913638,109419435859999.98,72089,2230095,0.3771
2020-03-25,HINDPETRO,EQ,184.55,180.0,186.55,175.0,177.6,177.4,180.31,6725194,121265038215000.02,58450,2958455,0.4399
2020-03-26,HINDPETRO,EQ,177.4,179.0,183.9,175.0,176.05,177.3,179.41,5214817,93558491290000.0,42717,1831327,0.35119999999999996
2020-03-27,HINDPETRO,EQ,177.3,179.15,183.5,167.55,170.2,170.25,173.3,6766518,117264425140000.02,71986,2166294,0.3201
2020-03-30,HINDPETRO,EQ,170.25,170.1,174.4,164.3,167.4,167.9,169.68,4393333,74544965885000.0,57871,1105950,0.25170000000000003
2020-03-31,HINDPETRO,EQ,167.9,171.0,192.0,169.95,189.5,190.1,186.09,13472821,250719958405000.03,122127,5206216,0.3864
2020-04-01,HINDPETRO,EQ,190.1,190.1,195.4,180.85,182.2,184.0,185.74,7287205,135352517825000.0,58203,2277444,0.3125
2020-04-03,HINDPETRO,EQ,184.0,184.0,192.8,175.55,182.0,184.2,184.78,9509089,175707631365000.0,90827,2975601,0.3129
2020-04-07,HINDPETRO,EQ,184.2,193.0,205.9,185.25,199.15,200.1,198.09,10294946,203928673185000.0,95122,3877453,0.3766
2020-04-08,HINDPETRO,EQ,200.1,199.9,204.7,195.45,199.35,199.5,200.54,5905379,118426328509999.98,66888,1632279,0.27640000000000003
2020-04-09,HINDPETRO,EQ,199.5,202.0,211.8,197.4,207.45,207.85,205.57,9847845,202438596135000.0,98263,3285307,0.3336
2020-04-13,HINDPETRO,EQ,207.85,209.0,211.7,199.45,204.05,205.45,204.04,4934849,100690125675000.0,46508,1012789,0.2052
2020-04-15,HINDPETRO,EQ,205.45,209.0,220.0,205.8,209.1,208.45,212.63,7486566,159188611520000.0,79285,3529964,0.4715
2020-04-16,HINDPETRO,EQ,208.45,210.8,218.2,208.3,215.0,213.85,213.98,4873925,104290296860000.0,49961,1577932,0.3237
2020-04-17,HINDPETRO,EQ,213.85,219.9,219.9,213.05,218.5,217.7,216.76,3891768,84356612340000.0,58588,1322270,0.3398
2020-04-20,HINDPETRO,EQ,217.7,220.8,228.5,218.25,227.2,227.4,224.49,5607632,125883173125000.0,48585,1777657,0.317
2020-04-21,HINDPETRO,EQ,227.4,226.95,227.45,214.5,215.65,215.85,220.25,6911751,152231445245000.0,50992,2884591,0.4173
2020-04-22,HINDPETRO,EQ,215.85,216.95,217.5,206.45,212.4,212.7,211.07,4806748,101456371235000.0,42478,1286233,0.2676
2020-04-23,HINDPETRO,EQ,212.7,212.7,218.35,207.9,209.8,209.5,211.12,5474561,115576248140000.02,45341,2466503,0.45049999999999996
2020-04-24,HINDPETRO,EQ,209.5,208.75,208.75,200.0,200.5,201.4,203.76,3619046,73742347050000.0,46632,1494256,0.4129
2020-04-27,HINDPETRO,EQ,201.4,202.4,214.1,202.4,208.15,208.25,208.28,9188353,191375426750000.0,74598,5094011,0.5544
2020-04-28,HINDPETRO,EQ,208.25,210.25,218.0,208.8,210.45,210.9,213.71,9677242,206811777690000.0,109579,5581117,0.5767
2020-04-29,HINDPETRO,EQ,210.9,211.2,212.05,206.7,208.0,208.35,209.73,6702713,140575249045000.0,88677,4193556,0.6257
2020-04-30,HINDPETRO,EQ,208.35,211.05,224.4,206.7,219.35,220.3,213.64,10064082,215009747269999.97,100448,4778415,0.4748
2020-05-04,HINDPETRO,EQ,220.3,211.0,215.25,204.75,208.55,207.8,209.73,7123341,149398988275000.0,64160,3450183,0.4843
2020-05-05,HINDPETRO,EQ,207.8,212.0,220.0,210.35,214.85,214.6,216.78,8506260,184397455625000.0,64432,2792477,0.3283
2020-05-06,HINDPETRO,EQ,214.6,200.6,205.0,186.7,201.85,202.5,198.32,20179756,400196390610000.0,153672,3679296,0.18230000000000002
2020-05-07,HINDPETRO,EQ,202.5,201.0,204.85,199.05,200.0,200.9,202.06,7455909,150653730930000.0,70069,2301403,0.30870000000000003
2020-05-08,HINDPETRO,EQ,200.9,203.0,204.95,195.55,196.8,196.95,199.05,4540370,90374454300000.0,51392,1205357,0.2655
2020-05-11,HINDPETRO,EQ,196.95,198.0,201.2,191.8,192.0,192.65,195.91,4726064,92586563360000.0,42762,1791287,0.379
2020-05-12,HINDPETRO,EQ,192.65,192.0,195.05,187.0,190.5,189.95,190.99,3897833,74444999695000.0,33675,759299,0.1948
2020-05-13,HINDPETRO,EQ,189.95,195.5,196.95,189.55,192.55,192.3,193.92,6069059,117690405080000.0,46937,1015842,0.1674
2020-05-14,HINDPETRO,EQ,192.3,188.5,192.75,188.25,190.35,190.25,190.53,3587944,68359415315000.0,30554,874266,0.24370000000000003
2020-05-15,HINDPETRO,EQ,190.25,191.0,194.6,187.95,188.2,189.1,191.83,6601491,126637496165000.02,54818,1681272,0.2547
2020-05-18,HINDPETRO,EQ,189.1,189.5,190.45,170.75,173.1,172.5,177.25,11296262,200224194990000.0,101822,4598247,0.4071
2020-05-19,HINDPETRO,EQ,172.5,176.55,180.8,170.35,171.7,171.35,175.51,8206844,144041025615000.0,79673,2253568,0.2746
2020-05-20,HINDPETRO,EQ,171.35,172.0,180.9,170.95,178.9,178.85,176.9,6870474,121541543930000.0,55885,1985097,0.2889
2020-05-21,HINDPETRO,EQ,178.85,180.0,181.9,175.1,180.65,180.75,178.79,5610085,100301467790000.0,44810,1189227,0.212
2020-05-22,HINDPETRO,EQ,180.75,180.6,186.5,178.3,182.2,182.2,183.63,6263709,115022817490000.02,52287,1516874,0.2422
2020-05-26,HINDPETRO,EQ,182.2,183.0,184.8,178.3,179.5,179.3,182.01,4472319,81401387675000.0,36324,1491874,0.3336
2020-05-27,HINDPETRO,EQ,179.3,181.0,186.5,178.8,185.65,185.75,183.27,3837419,70329618260000.0,37113,1154674,0.3009
2020-05-28,HINDPETRO,EQ,185.75,186.95,188.8,183.7,185.5,185.85,186.82,3462845,64693033270000.01,26864,702256,0.2028
2020-05-29,HINDPETRO,EQ,185.85,184.65,197.65,183.95,192.5,194.55,194.06,11427437,221763249840000.0,98032,4458384,0.3901
2020-06-01,HINDPETRO,EQ,194.55,196.3,200.5,194.75,195.2,195.7,197.26,6041733,119176931365000.02,83764,1334458,0.2209
2020-06-02,HINDPETRO,EQ,195.7,196.0,196.9,192.3,193.9,193.75,194.23,3435871,66735459775000.0,48945,839723,0.2444
2020-06-03,HINDPETRO,EQ,193.75,194.8,201.75,194.0,197.55,197.05,198.05,6404066,126834530945000.0,68794,1791769,0.2798
2020-06-04,HINDPETRO,EQ,197.05,194.3,199.8,193.35,195.0,195.25,196.15,7762445,152256630755000.0,70897,2401143,0.3093
2020-06-05,HINDPETRO,EQ,195.25,196.8,205.45,195.3,205.0,204.6,201.84,9279286,187290442170000.0,78011,4045462,0.436
2020-06-08,HINDPETRO,EQ,204.6,209.6,222.5,208.4,216.65,216.45,217.65,10981195,239001081305000.03,97232,3400613,0.3097
2020-06-09,HINDPETRO,EQ,216.45,218.3,221.85,209.0,211.75,211.65,214.49,5612715,120385420015000.02,45521,2135559,0.3805
2020-06-10,HINDPETRO,EQ,211.65,213.75,214.25,206.2,209.25,207.85,208.86,3951428,82530190980000.0,52110,1288065,0.326
2020-06-11,HINDPETRO,EQ,207.85,208.85,218.5,199.35,205.85,205.25,210.39,7969263,167664393745000.0,68533,1575788,0.1977
2020-06-12,HINDPETRO,EQ,205.25,200.1,213.7,199.55,212.0,210.85,208.65,10228514,213419435040000.0,72020,2436315,0.2382
2020-06-15,HINDPETRO,EQ,210.85,208.85,212.1,204.35,207.35,206.7,207.52,4966505,103064919975000.0,58658,1278544,0.25739999999999996
2020-06-16,HINDPETRO,EQ,206.7,211.0,214.8,206.2,210.25,209.8,210.58,8764866,184571302195000.0,58612,2749921,0.31370000000000003
2020-06-17,HINDPETRO,EQ,209.8,205.0,218.8,204.8,213.95,214.1,214.57,17532052,376180620740000.0,122798,3394341,0.1936
2020-06-18,HINDPETRO,EQ,214.1,214.25,224.5,213.5,222.5,222.9,220.63,10040531,221520758265000.0,91898,3484172,0.34700000000000003
2020-06-19,HINDPETRO,EQ,222.9,222.5,225.9,219.1,223.75,223.65,223.07,10683834,238322742205000.03,117038,4525163,0.4236
2020-06-22,HINDPETRO,EQ,223.65,225.95,241.0,224.35,237.1,238.6,233.08,15958062,371949152095000.0,130596,6929008,0.43420000000000003
2020-06-23,HINDPETRO,EQ,238.6,239.0,242.1,233.1,236.75,237.6,238.52,7666507,182863087325000.0,66618,1227273,0.36479999999999996
2020-06-24,HINDPETRO,EQ,237.6,238.0,239.0,226.6,227.8,228.4,232.41,5728972,133146359665000.02,55932,1959921,0.3421
2020-06-25,HINDPETRO,EQ,228.4,228.45,231.9,220.85,222.55,221.85,225.68,6414175,144757969660000.0,49522,2195219,0.3422
2020-06-26,HINDPETRO,EQ,221.85,226.95,235.85,224.55,232.0,231.25,231.05,7441061,171925568115000.0,67511,1872151,0.2516
2020-06-29,HINDPETRO,EQ,231.25,227.7,230.95,220.5,224.45,225.2,224.13,6332720,141934936195000.0,54820,2706906,0.4274
2020-06-30,HINDPETRO,EQ,225.2,227.1,228.95,216.1,217.15,216.75,220.53,7808410,172202629155000.0,50831,4907375,0.6285000000000001
2020-07-01,HINDPETRO,EQ,216.75,218.2,223.2,214.5,222.65,222.35,218.36,9283957,202726336490000.0,70873,3915056,0.4217
2020-07-02,HINDPETRO,EQ,222.35,216.25,219.25,214.1,215.55,215.15,216.59,8637516,187081009080000.0,60579,2551368,0.2954
2020-07-03,HINDPETRO,EQ,215.15,217.5,217.8,213.0,215.7,215.85,215.62,3984647,85916669750000.0,26929,901860,0.2263
2020-07-06,HINDPETRO,EQ,215.85,217.75,220.55,213.75,215.3,215.6,217.34,6810392,148020138425000.0,41545,2500241,0.36710000000000004
2020-07-07,HINDPETRO,EQ,215.6,215.9,216.25,210.7,211.0,211.15,212.22,5056605,107308834695000.0,51261,1770192,0.35009999999999997
2020-07-08,HINDPETRO,EQ,211.15,211.15,215.8,210.35,211.25,211.8,212.94,4490583,95623614690000.0,41390,1011013,0.22510000000000002
2020-07-09,HINDPETRO,EQ,211.8,211.8,213.8,204.8,205.0,205.35,207.06,7921968,164033116405000.0,44596,5197381,0.6561
2020-07-10,HINDPETRO,EQ,205.35,205.0,211.0,204.05,209.5,209.9,207.54,7668893,159162875185000.0,71289,2355467,0.30710000000000004
2020-07-13,HINDPETRO,EQ,209.9,210.05,214.95,209.2,211.35,210.8,212.1,6509815,138075190095000.0,52200,1613277,0.24780000000000002
2020-07-14,HINDPETRO,EQ,210.8,211.5,214.5,209.5,210.1,210.45,211.68,5323179,112681650630000.0,39511,1431047,0.2688
2020-07-15,HINDPETRO,EQ,210.45,213.0,213.4,201.6,203.0,202.65,207.69,4995500,103752750475000.0,38777,1476920,0.2957
2020-07-16,HINDPETRO,EQ,202.65,204.35,211.8,200.5,210.1,209.8,206.9,7195873,148885925450000.0,60849,1593291,0.2214
2020-07-17,HINDPETRO,EQ,209.8,210.5,227.2,210.1,224.0,224.0,221.23,23332764,516193532345000.0,163017,7203825,0.30870000000000003
2020-07-20,HINDPETRO,EQ,224.0,224.0,229.5,223.05,226.25,227.1,227.12,8375851,190231735060000.0,72302,2838908,0.33890000000000003
2020-07-21,HINDPETRO,EQ,227.1,227.2,238.0,222.6,234.05,234.25,233.56,16536134,386211350340000.0,158935,4428385,0.26780000000000004
2020-07-22,HINDPETRO,EQ,234.25,236.4,236.4,225.25,227.75,228.2,230.9,6695413,154596208060000.0,52282,1721778,0.2572
2020-07-23,HINDPETRO,EQ,228.2,227.5,237.6,225.65,230.9,232.05,232.96,9612028,223917216305000.03,67700,1896956,0.1974
2020-07-24,HINDPETRO,EQ,232.05,231.5,233.7,223.5,228.0,228.4,227.55,6500456,147914706280000.0,50289,1486357,0.22870000000000001
2020-07-27,HINDPETRO,EQ,228.4,230.4,240.7,223.4,231.4,231.8,233.83,12319186,288060055245000.0,89846,2255551,0.18309999999999998
2020-07-28,HINDPETRO,EQ,231.8,232.25,236.5,228.25,232.9,232.95,232.39,6015101,139783725645000.0,52105,765551,0.1273
2020-07-29,HINDPETRO,EQ,232.95,232.9,235.2,227.05,228.0,228.35,230.49,4697272,108269604134999.98,41136,699903,0.149
2020-07-30,HINDPETRO,EQ,228.35,225.5,227.3,218.65,222.0,223.05,222.52,8567385,190642098270000.0,80722,1691030,0.1974
2020-07-31,HINDPETRO,EQ,223.05,222.95,225.75,213.8,215.05,215.0,217.95,6454986,140687968590000.02,81782,2390993,0.3704
2020-08-03,HINDPETRO,EQ,215.0,215.0,221.9,212.3,217.35,217.65,217.84,7210362,157073245950000.0,63973,2059666,0.2857
2020-08-04,HINDPETRO,EQ,217.65,218.1,220.85,208.6,214.45,215.0,213.64,9356836,199895776390000.0,80355,1862346,0.19899999999999998
2020-08-05,HINDPETRO,EQ,215.0,216.0,220.35,212.0,214.5,212.95,214.99,7036775,151283018730000.0,54838,2485138,0.3532
2020-08-06,HINDPETRO,EQ,212.95,214.0,219.8,213.4,216.6,216.1,216.41,9372453,202826363980000.0,61658,3280205,0.35000000000000003
2020-08-07,HINDPETRO,EQ,216.1,223.0,223.0,212.4,213.4,213.6,215.7,18789292,405284726805000.0,128503,4822324,0.25670000000000004
2020-08-10,HINDPETRO,EQ,213.6,215.8,217.9,213.65,215.5,215.25,215.85,7606812,164195476570000.0,61541,2950166,0.38780000000000003
2020-08-11,HINDPETRO,EQ,215.25,216.0,219.3,213.5,215.4,215.25,215.68,8498111,183289464365000.0,56657,3480351,0.40950000000000003
2020-08-12,HINDPETRO,EQ,215.25,215.0,215.7,211.25,212.15,211.85,212.51,6185676,131453210150000.0,47937,2528206,0.4087
2020-08-13,HINDPETRO,EQ,211.85,212.25,214.65,209.9,212.6,212.35,212.06,7984112,169307478365000.0,66198,2715034,0.3401
2020-08-14,HINDPETRO,EQ,212.35,214.0,214.5,207.7,208.75,208.65,210.95,6541525,137996450995000.0,48398,1838414,0.281
2020-08-17,HINDPETRO,EQ,208.65,210.0,212.9,205.45,211.25,211.05,210.13,7877978,165539477725000.0,74049,2292879,0.29100000000000004
2020-08-18,HINDPETRO,EQ,211.05,212.8,212.95,209.2,210.25,209.85,210.77,5448393,114834133695000.0,44531,1525374,0.28
2020-08-19,HINDPETRO,EQ,209.85,210.5,213.7,209.95,211.45,210.8,211.86,5825588,123420473890000.02,52964,1808275,0.3104
2020-08-20,HINDPETRO,EQ,210.8,209.0,215.8,208.15,215.0,214.7,212.42,12758432,271009627119999.97,141820,3837488,0.3008
2020-08-21,HINDPETRO,EQ,214.7,217.0,217.2,212.0,212.6,212.45,214.04,6353059,135979456905000.0,56600,1971325,0.3103
