Date,Symbol,Series,Prev Close,Open,High,Low,Last,Close,VWAP,Volume,Turnover,Trades,Deliverable Volume,%Deliverble
2019-08-27,MARUTI,EQ,6255.55,6297.5,6340.0,6256.0,6260.2,6277.75,6297.13,1078065,678871537395000.0,107538,285385,0.2647
2019-08-28,MARUTI,EQ,6277.75,6248.0,6248.0,6070.0,6109.95,6103.4,6147.63,1242304,763721953050000.0,120487,341367,0.2748
2019-08-29,MARUTI,EQ,6103.4,6103.4,6198.0,6065.0,6150.0,6110.2,6127.93,1006756,616933066555000.0,84377,277420,0.2756
2019-08-30,MARUTI,EQ,6110.2,6144.0,6159.25,6052.9,6108.35,6123.75,6111.18,794518,485544523314999.94,81325,168023,0.2115
2019-09-03,MARUTI,EQ,6123.75,6035.0,6130.0,6002.25,6049.7,6049.7,6064.24,1173373,711561155135000.0,99898,355059,0.30260000000000004
2019-09-04,MARUTI,EQ,6049.7,6062.0,6076.2,5800.0,5805.2,5830.75,5892.04,1964992,1157780536715000.0,161677,643073,0.3273
2019-09-05,MARUTI,EQ,5830.75,5805.0,5998.0,5791.25,5977.4,5968.65,5910.61,1149196,679244670490000.0,98164,135033,0.11750000000000001
2019-09-06,MARUTI,EQ,5968.65,5997.7,6220.0,5962.1,6199.9,6186.95,6092.33,1524051,928501770229999.9,140253,246592,0.1618
2019-09-09,MARUTI,EQ,6186.95,6085.0,6366.95,6040.0,6355.05,6335.5,6220.02,2061193,1282065910280000.0,177089,659132,0.31980000000000003
2019-09-11,MARUTI,EQ,6335.5,6330.0,6630.0,6285.1,6580.0,6597.3,6500.22,2492039,1619880733970000.0,197737,730864,0.2933
2019-09-12,MARUTI,EQ,6597.3,6565.0,6640.0,6370.0,6398.75,6392.05,6491.28,1892862,1228710249445000.0,152225,339532,0.1794
2019-09-13,MARUTI,EQ,6392.05,6434.0,6512.8,6340.0,6445.7,6450.3,6441.54,1929801,1243088906180000.0,143210,276640,0.1434
2019-09-16,MARUTI,EQ,6450.3,6349.9,6489.0,6340.1,6399.0,6412.75,6417.49,1377371,883926135935000.0,121546,201181,0.1461
2019-09-17,MARUTI,EQ,6412.75,6410.0,6445.85,6110.0,6116.3,6130.4,6261.06,1706567,1068491476620000.1,138251,344956,0.2021
2019-09-18,MARUTI,EQ,6130.4,6165.0,6211.8,5986.6,6105.0,6095.05,6083.27,1955137,1189362811715000.0,154690,320209,0.1638
2019-09-19,MARUTI,EQ,6095.05,6139.0,6175.0,5942.4,5987.7,5971.75,6056.96,1721431,1042663745604999.9,130046,323570,0.188
2019-09-20,MARUTI,EQ,5971.75,6015.0,6949.8,5982.45,6601.0,6591.95,6513.47,4892962,3187015786840000.0,407715,1251204,0.2557
2019-09-23,MARUTI,EQ,6591.95,6676.1,7000.0,6676.1,6885.1,6897.85,6891.1,3140286,2164001538295000.0,282219,1292336,0.4115
2019-09-24,MARUTI,EQ,6897.85,6935.0,7177.9,6855.0,7033.2,7009.1,6996.14,2354230,1647053268650000.0,224403,439089,0.1865
2019-09-25,MARUTI,EQ,7009.1,7000.0,7000.0,6602.0,6700.0,6638.5,6752.87,2296343,1550690773530000.0,202225,659970,0.2874
2019-09-26,MARUTI,EQ,6638.5,6700.0,6899.9,6681.05,6855.0,6857.45,6809.38,1893865,1289604008580000.0,153357,372831,0.19690000000000002
2019-09-27,MARUTI,EQ,6857.45,6860.0,6915.0,6735.0,6765.3,6773.7,6801.12,1457894,991531011210000.0,123866,148967,0.10220000000000001
2019-09-30,MARUTI,EQ,6773.7,6773.0,6809.6,6640.0,6700.0,6715.8,6698.81,1264165,846839899215000.0,99286,233999,0.18510000000000001
2019-10-01,MARUTI,EQ,6715.8,6720.0,6850.0,6650.0,6786.6,6782.0,6762.4,1473158,996207796440000.0,126618,123077,0.0835
2019-10-03,MARUTI,EQ,6782.0,6786.6,6794.95,6680.0,6743.1,6754.05,6733.72,850852,572940201260000.0,89067,172543,0.2028
2019-10-04,MARUTI,EQ,6754.05,6793.0,6845.9,6618.4,6645.95,6649.6,6762.15,1065056,720206721175000.0,93392,178145,0.1673
2019-10-07,MARUTI,EQ,6649.6,6674.7,6699.0,6558.15,6639.0,6629.85,6636.21,696713,462353460775000.0,68054,90886,0.1304
2019-10-09,MARUTI,EQ,6629.85,6628.0,6743.8,6590.0,6730.0,6719.55,6691.03,1017731,680966453460000.0,83048,218687,0.21489999999999998
2019-10-10,MARUTI,EQ,6719.55,6700.0,6742.1,6558.25,6624.0,6605.45,6639.63,985523,654351300235000.0,80370,84641,0.0859
2019-10-11,MARUTI,EQ,6605.45,6626.3,6720.0,6626.3,6692.8,6698.9,6681.63,835065,557959606039999.94,63691,105040,0.1258
2019-10-14,MARUTI,EQ,6698.9,6697.95,6874.55,6696.05,6805.4,6821.1,6774.6,963217,652541265400000.0,72532,229446,0.2382
2019-10-15,MARUTI,EQ,6821.1,6811.0,7019.0,6809.0,6995.0,6985.75,6951.84,1276061,887097818520000.1,98230,184230,0.1444
2019-10-16,MARUTI,EQ,6985.75,7003.45,7013.9,6895.0,6977.0,6975.0,6958.16,876844,610122521615000.0,84164,250951,0.2862
2019-10-17,MARUTI,EQ,6975.0,6977.0,7155.55,6940.0,7126.0,7123.9,7027.01,1248295,877177963085000.0,89325,415007,0.3325
2019-10-18,MARUTI,EQ,7123.9,7081.3,7450.0,7061.65,7350.0,7302.3,7225.4,1463126,1057167304145000.1,114860,556218,0.38020000000000004
2019-10-22,MARUTI,EQ,7302.3,7333.0,7392.0,7232.0,7262.25,7256.25,7313.8,959552,701796945670000.0,90739,229762,0.23940000000000003
2019-10-23,MARUTI,EQ,7256.25,7201.05,7472.0,7200.0,7415.2,7440.25,7381.04,1278695,943809851275000.0,103063,258231,0.20190000000000002
2019-10-24,MARUTI,EQ,7440.25,7460.0,7475.0,7271.0,7390.0,7391.4,7386.6,1658859,1225332717230000.0,157094,276210,0.16649999999999998
2019-10-25,MARUTI,EQ,7391.4,7396.5,7509.0,7353.85,7460.3,7471.15,7442.2,1353615,1007387737265000.0,164781,297170,0.2195
2019-10-27,MARUTI,EQ,7471.15,7477.0,7500.0,7392.05,7412.0,7422.1,7444.9,128352,95556817900000.0,12869,22464,0.17500000000000002
2019-10-29,MARUTI,EQ,7422.1,7416.0,7758.7,7381.85,7750.0,7721.3,7612.92,1396732,1063321279745000.1,157536,505877,0.3622
2019-10-30,MARUTI,EQ,7721.3,7744.0,7753.65,7539.7,7562.0,7556.95,7625.75,1243366,948159208320000.1,127442,314143,0.2527
2019-10-31,MARUTI,EQ,7556.95,7612.9,7645.0,7502.0,7559.45,7559.4,7568.25,1067275,807740637860000.0,109160,294848,0.2763
2019-11-01,MARUTI,EQ,7559.4,7599.95,7649.0,7545.1,7602.0,7618.65,7603.25,1151035,875161132035000.0,95019,212054,0.18420000000000003
2019-11-04,MARUTI,EQ,7618.65,7550.0,7625.0,7407.45,7429.95,7424.0,7494.28,824953,618242885375000.0,75458,162110,0.19649999999999998
2019-11-05,MARUTI,EQ,7424.0,7429.95,7541.95,7325.0,7395.95,7389.0,7421.46,1207089,895835746085000.0,100603,243140,0.20140000000000002
2019-11-06,MARUTI,EQ,7389.0,7395.0,7415.0,7295.0,7310.0,7311.15,7338.92,923041,677412438720000.0,76497,352481,0.38189999999999996
2019-11-07,MARUTI,EQ,7311.15,7357.0,7357.0,7241.0,7292.1,7287.15,7286.46,877885,639667124755000.0,75660,217058,0.24730000000000002
2019-11-08,MARUTI,EQ,7287.15,7286.45,7370.0,7178.05,7192.65,7200.55,7286.11,983936,716906609190000.0,75540,248436,0.2525
2019-11-11,MARUTI,EQ,7200.55,7160.0,7237.45,7074.0,7121.3,7137.3,7137.71,864507,617060186610000.0,82023,204279,0.23629999999999998
2019-11-13,MARUTI,EQ,7137.3,7130.0,7169.85,7095.0,7145.0,7154.6,7133.06,687017,490053322970000.0,59645,195757,0.2849
2019-11-14,MARUTI,EQ,7154.6,7160.0,7270.0,7160.0,7246.0,7247.15,7232.45,802462,580376574480000.0,68287,162744,0.2028
2019-11-15,MARUTI,EQ,7247.15,7300.0,7359.0,7116.2,7140.0,7147.2,7248.07,1049492,760678717765000.0,86228,279058,0.2659
2019-11-18,MARUTI,EQ,7147.2,7150.0,7177.0,7075.0,7105.05,7098.45,7120.09,537228,382511389285000.0,48810,82593,0.1537
2019-11-19,MARUTI,EQ,7098.45,7146.0,7155.0,7032.0,7054.0,7045.45,7078.54,755114,534510165545000.0,82585,247077,0.3272
2019-11-20,MARUTI,EQ,7045.45,7120.0,7218.0,7044.0,7120.0,7152.75,7144.3,1289948,921577194310000.0,93566,432376,0.33520000000000005
2019-11-21,MARUTI,EQ,7152.75,7150.0,7200.0,7004.8,7017.0,7019.05,7106.45,763454,542544494339999.94,67829,233687,0.3061
2019-11-22,MARUTI,EQ,7019.05,7034.0,7077.45,7000.0,7065.0,7060.45,7041.13,685503,482671851980000.0,54409,192065,0.2802
2019-11-25,MARUTI,EQ,7060.45,7075.2,7263.5,7040.3,7238.0,7236.1,7180.61,952419,683895346615000.0,81904,271845,0.2854
2019-11-26,MARUTI,EQ,7236.1,7238.0,7274.0,7084.0,7130.0,7125.0,7171.27,1249810,896272439229999.9,94714,590705,0.47259999999999996
2019-11-27,MARUTI,EQ,7125.0,7166.6,7300.0,7166.6,7299.0,7294.4,7254.47,1070680,776721120975000.0,86402,312798,0.2921
2019-11-28,MARUTI,EQ,7294.4,7299.8,7321.1,7220.95,7255.65,7261.25,7260.77,602077,437154371680000.0,47860,156626,0.2601
2019-11-29,MARUTI,EQ,7261.25,7254.0,7293.85,7132.0,7253.35,7245.85,7215.71,792083,571543956335000.0,63587,175104,0.2211
2019-12-02,MARUTI,EQ,7245.85,7291.0,7294.85,7106.75,7129.0,7139.35,7174.28,703838,504953436455000.0,54287,167213,0.23760000000000003
2019-12-03,MARUTI,EQ,7139.35,7142.65,7240.0,7060.0,7127.5,7138.8,7161.86,668269,478604933835000.06,53077,83750,0.1253
2019-12-04,MARUTI,EQ,7138.8,7129.8,7170.0,7052.0,7076.1,7076.1,7101.76,737723,523913446005000.0,57207,197031,0.2671
2019-12-05,MARUTI,EQ,7076.1,7090.0,7125.15,6990.55,6995.0,7012.85,7056.26,602894,425417612855000.0,53458,137860,0.22870000000000001
2019-12-06,MARUTI,EQ,7012.85,7012.85,7050.0,6864.1,6886.75,6886.7,6950.34,770911,535808980775000.0,69329,116126,0.1506
2019-12-09,MARUTI,EQ,6886.7,7007.0,7108.0,6952.35,7011.95,6994.75,7023.88,1479832,1039416635470000.1,115549,326462,0.2206
2019-12-10,MARUTI,EQ,6994.75,7019.0,7048.95,6905.0,6982.15,6963.65,6969.35,790378,550842026985000.06,68946,178646,0.226
2019-12-11,MARUTI,EQ,6963.65,7000.0,7035.0,6955.2,6985.85,6993.2,6993.48,603048,421740380050000.0,56994,149777,0.2484
2019-12-12,MARUTI,EQ,6993.2,7030.4,7045.95,6975.5,7000.0,6999.8,7003.06,932863,653289321980000.0,56242,521775,0.5593
2019-12-13,MARUTI,EQ,6999.8,7043.95,7249.0,7030.15,7242.0,7214.95,7143.2,1199360,856726841695000.0,105681,440127,0.36700000000000005
2019-12-16,MARUTI,EQ,7214.95,7240.0,7257.7,7125.0,7134.95,7140.05,7183.39,727854,522845886855000.0,59941,208210,0.2861
2019-12-17,MARUTI,EQ,7140.05,7209.9,7276.5,7166.0,7189.1,7195.15,7211.21,939918,677794208530000.0,79678,272131,0.2895
2019-12-18,MARUTI,EQ,7195.15,7220.0,7254.95,7164.0,7240.05,7240.65,7209.42,841740,606846133475000.0,61450,308996,0.36710000000000004
2019-12-19,MARUTI,EQ,7240.65,7248.95,7310.0,7166.0,7230.0,7240.65,7262.25,1001697,727457737210000.0,69342,317278,0.31670000000000004
2019-12-20,MARUTI,EQ,7240.65,7240.65,7304.35,7227.5,7255.0,7261.5,7265.58,679779,493899058770000.0,68095,226214,0.33280000000000004
2019-12-23,MARUTI,EQ,7261.5,7275.0,7378.6,7250.1,7374.7,7360.9,7329.56,914067,669970995700000.0,69493,252290,0.276
2019-12-24,MARUTI,EQ,7360.9,7397.0,7423.7,7302.0,7319.5,7327.8,7373.16,850537,627114468650000.0,66849,140503,0.16519999999999999
2019-12-26,MARUTI,EQ,7327.8,7334.0,7343.45,7222.0,7237.25,7240.9,7282.31,556360,405158854255000.0,41162,105301,0.1893
2019-12-27,MARUTI,EQ,7240.9,7268.0,7368.5,7251.4,7354.2,7344.9,7302.96,665383,485926514605000.0,44849,182392,0.2741
2019-12-30,MARUTI,EQ,7344.9,7378.0,7431.95,7341.6,7415.0,7416.25,7387.18,739631,546378716785000.06,57365,234375,0.3169
2019-12-31,MARUTI,EQ,7416.25,7412.5,7412.5,7355.25,7370.0,7368.6,7377.02,560622,413572105970000.0,40633,156039,0.2783
2020-01-01,MARUTI,EQ,7368.6,7377.0,7409.95,7282.05,7308.0,7311.7,7339.1,634725,465830741285000.06,42182,94094,0.1482
2020-01-02,MARUTI,EQ,7311.7,7327.6,7368.0,7312.0,7316.45,7329.85,7339.32,616838,452717372935000.06,51801,173302,0.281
2020-01-03,MARUTI,EQ,7329.85,7328.95,7332.0,7226.0,7250.35,7254.25,7275.61,571967,416140704080000.0,42037,152281,0.2662
2020-01-06,MARUTI,EQ,7254.25,7200.0,7210.0,7026.5,7032.0,7042.4,7074.03,748516,529502812905000.0,64186,235356,0.3144
2020-01-07,MARUTI,EQ,7042.4,7100.0,7165.6,7026.4,7075.0,7073.6,7089.61,590500,418641501140000.0,50872,113291,0.19190000000000002
2020-01-08,MARUTI,EQ,7073.6,7060.0,7116.65,6980.45,7035.0,7035.2,7034.09,793313,558023304720000.0,54674,254739,0.3211
2020-01-09,MARUTI,EQ,7035.2,7140.0,7240.0,7102.0,7240.0,7227.9,7180.72,798184,573153654655000.0,60422,212618,0.2664
2020-01-10,MARUTI,EQ,7227.9,7261.4,7349.9,7234.4,7329.0,7330.5,7299.43,747847,545885795680000.0,59339,267982,0.3583
2020-01-13,MARUTI,EQ,7330.5,7332.0,7370.0,7279.8,7364.0,7352.7,7325.48,537399,393670305685000.0,45690,165929,0.3088
2020-01-14,MARUTI,EQ,7352.7,7355.0,7412.4,7325.6,7390.0,7386.8,7377.09,548522,404649482580000.0,46069,179085,0.3265
2020-01-15,MARUTI,EQ,7386.8,7388.95,7505.0,7353.0,7482.0,7482.95,7419.98,692726,514001482230000.0,46714,265556,0.3833
2020-01-16,MARUTI,EQ,7482.95,7456.5,7521.0,7421.2,7469.9,7462.65,7466.23,640207,477993329920000.0,45686,220985,0.34520000000000006
2020-01-17,MARUTI,EQ,7462.65,7469.0,7569.9,7432.55,7550.85,7520.15,7499.26,750738,562997807755000.0,49650,316998,0.4222
2020-01-20,MARUTI,EQ,7520.15,7521.25,7529.5,7421.05,7440.0,7449.6,7468.19,407828,304573784420000.0,37148,138592,0.3398
2020-01-21,MARUTI,EQ,7449.6,7411.5,7434.65,7287.8,7297.9,7302.65,7350.84,442561,325319611205000.0,36589,130675,0.2953
2020-01-22,MARUTI,EQ,7302.65,7340.0,7374.95,7107.95,7145.0,7135.6,7165.57,1048435,751263615290000.0,88307,445035,0.42450000000000004
2020-01-23,MARUTI,EQ,7135.6,7145.4,7220.0,7123.15,7132.95,7147.1,7163.31,589326,422152338185000.0,43298,148780,0.2525
2020-01-24,MARUTI,EQ,7147.1,7148.8,7210.0,7111.25,7130.0,7128.45,7154.51,645723,461983101025000.0,50530,245191,0.3797
2020-01-27,MARUTI,EQ,7128.45,7101.5,7225.0,7061.0,7125.0,7148.8,7163.25,573149,410561053980000.0,47664,127650,0.2227
2020-01-28,MARUTI,EQ,7148.8,7179.95,7219.95,6963.0,6999.0,6997.05,7076.43,1614448,1142453137355000.0,151546,334719,0.2073
2020-01-29,MARUTI,EQ,6997.05,7010.0,7116.25,6975.0,7022.0,7010.3,7043.38,1001252,705220112375000.0,116694,314006,0.3136
2020-01-30,MARUTI,EQ,7010.3,7020.0,7049.0,6981.0,7020.0,7020.45,7014.3,579174,406249741675000.0,48242,158571,0.2738
2020-01-31,MARUTI,EQ,7020.45,7035.0,7064.0,6895.55,6927.0,6913.5,6966.75,868935,605365115865000.0,87940,337744,0.3887
2020-02-01,MARUTI,EQ,6913.5,6915.0,7109.8,6740.3,6775.0,6812.65,6939.09,1412932,980445818470000.1,149692,376648,0.2666
2020-02-03,MARUTI,EQ,6812.65,6780.0,7044.85,6780.0,7010.0,7011.3,6946.13,1010531,701927554845000.0,115802,280991,0.2781
2020-02-04,MARUTI,EQ,7011.3,7020.0,7215.0,7001.0,7196.3,7199.6,7133.75,973311,694336173555000.0,77101,368821,0.3789
2020-02-05,MARUTI,EQ,7199.6,7215.0,7231.6,7025.6,7050.0,7040.9,7100.88,718489,510190285000000.0,67964,245611,0.3418
2020-02-06,MARUTI,EQ,7040.9,7075.0,7120.35,6976.8,7014.2,7021.6,7040.99,875714,616589110955000.0,66469,359122,0.41009999999999996
2020-02-07,MARUTI,EQ,7021.6,7039.0,7050.0,6935.0,6970.0,6971.75,6976.03,645814,450521504100000.0,55241,228690,0.35409999999999997
2020-02-10,MARUTI,EQ,6971.75,6975.0,6989.1,6851.1,6894.6,6892.9,6899.4,593773,409667455290000.0,53020,146478,0.24670000000000003
2020-02-11,MARUTI,EQ,6892.9,6950.0,7089.0,6912.3,7026.0,7033.75,7035.67,743160,522862689485000.06,62908,163459,0.22
2020-02-12,MARUTI,EQ,7033.75,7056.1,7110.0,7007.95,7048.0,7043.3,7061.19,599364,423222155810000.0,42309,177690,0.2965
2020-02-13,MARUTI,EQ,7043.3,7050.0,7056.0,6925.0,6995.0,7005.05,6971.87,723169,504184385950000.0,49754,294135,0.4067
2020-02-14,MARUTI,EQ,7005.05,7000.05,7088.95,6901.0,6915.0,6913.8,6988.3,614859,429681910445000.0,57126,179738,0.2923
2020-02-17,MARUTI,EQ,6913.8,6920.0,6980.0,6880.0,6925.0,6906.75,6927.1,463548,321104308615000.0,33826,83770,0.1807
2020-02-18,MARUTI,EQ,6906.75,6925.0,6930.0,6735.8,6795.0,6781.1,6786.65,830678,563752058670000.0,72639,369879,0.44530000000000003
2020-02-19,MARUTI,EQ,6781.1,6850.0,6854.95,6624.6,6763.0,6756.6,6734.72,1033939,696329397880000.0,98165,306845,0.2968
2020-02-20,MARUTI,EQ,6756.6,6761.0,6807.55,6720.0,6740.1,6757.6,6772.5,682513,462231750689999.94,57024,293356,0.42979999999999996
2020-02-24,MARUTI,EQ,6757.6,6710.0,6710.0,6439.8,6475.0,6470.4,6552.55,1091346,715109977180000.0,116104,432890,0.39670000000000005
2020-02-25,MARUTI,EQ,6470.4,6505.4,6510.0,6376.55,6411.25,6414.55,6447.27,964897,622095575900000.0,120005,349731,0.3625
2020-02-26,MARUTI,EQ,6414.55,6350.0,6368.85,6186.05,6260.0,6234.85,6285.0,1580738,993493244000000.0,116894,784034,0.49600000000000005
2020-02-27,MARUTI,EQ,6234.85,6230.0,6338.05,6166.8,6291.0,6289.8,6259.71,1492657,934359403604999.9,143056,625297,0.4189
2020-02-28,MARUTI,EQ,6289.8,6163.05,6367.35,6103.2,6294.05,6283.1,6235.61,1468843,915913430835000.0,117164,580678,0.39530000000000004
2020-03-02,MARUTI,EQ,6283.1,6400.95,6439.55,6250.0,6300.0,6285.15,6332.12,1219764,772369515650000.0,96971,413139,0.3387
2020-03-03,MARUTI,EQ,6285.15,6318.0,6422.15,6280.5,6386.1,6386.05,6344.8,849199,538800121260000.06,90279,272466,0.3209
2020-03-04,MARUTI,EQ,6386.05,6390.0,6424.0,6209.0,6380.0,6384.35,6334.46,904360,572863437725000.0,82506,331340,0.3664
2020-03-05,MARUTI,EQ,6384.35,6411.9,6464.0,6330.2,6348.0,6365.95,6390.88,645853,412756832290000.0,65335,132462,0.20510000000000003
2020-03-06,MARUTI,EQ,6365.95,6196.4,6480.0,6100.15,6393.1,6445.95,6331.23,1140899,722329248555000.0,98103,436085,0.3822
2020-03-09,MARUTI,EQ,6445.95,6301.0,6374.0,6079.4,6225.0,6201.1,6240.68,1082031,675261153740000.0,113127,379095,0.3504
2020-03-11,MARUTI,EQ,6201.1,6160.0,6310.95,6105.0,6137.95,6146.3,6177.52,937029,578851829535000.0,100403,220842,0.23570000000000002
2020-03-12,MARUTI,EQ,6146.3,5939.3,5939.3,5555.55,5642.25,5643.15,5742.2,1345986,772891738275000.0,139523,578348,0.42969999999999997
2020-03-13,MARUTI,EQ,5643.15,5325.2,6063.5,4803.05,5900.0,5838.6,5608.16,1480275,830161607985000.0,151656,534850,0.3613
2020-03-16,MARUTI,EQ,5838.6,5638.6,5688.0,5400.0,5460.0,5480.25,5562.31,933424,519199575389999.94,112598,422419,0.4525
2020-03-17,MARUTI,EQ,5480.25,5502.0,5746.95,5502.0,5600.0,5603.95,5646.01,1238640,699337102415000.0,127952,538382,0.4347
2020-03-18,MARUTI,EQ,5603.95,5671.0,5688.8,5312.55,5370.2,5352.65,5419.95,973406,527581353230000.0,113820,399010,0.40990000000000004
2020-03-19,MARUTI,EQ,5352.65,4870.0,5096.6,4652.55,4859.0,4819.55,4874.22,2554586,1245162137300000.0,250425,1072273,0.4197
2020-03-20,MARUTI,EQ,4819.55,4869.0,5225.0,4812.6,5094.0,5079.2,5040.51,1614608,813844333140000.0,166562,664312,0.4114
2020-03-23,MARUTI,EQ,5079.2,4575.0,4790.0,4141.0,4178.0,4220.35,4371.69,1531989,669738287600000.0,234867,934064,0.6097
2020-03-24,MARUTI,EQ,4220.35,4341.0,4570.0,4030.0,4545.0,4486.45,4361.25,1746713,761785974645000.0,186957,814032,0.466
2020-03-25,MARUTI,EQ,4486.45,4439.0,5159.4,4310.1,4960.0,5005.95,4785.8,1728820,827378742390000.0,172520,691280,0.39990000000000003
2020-03-26,MARUTI,EQ,5005.95,5024.45,5120.0,4750.0,4950.0,4878.0,4926.22,1338798,659520682345000.0,162802,389493,0.2909
2020-03-27,MARUTI,EQ,4878.0,5100.0,5136.5,4555.0,4655.0,4646.1,4753.66,1339446,636726920760000.0,173761,386250,0.2884
2020-03-30,MARUTI,EQ,4646.1,4587.45,4639.95,4270.0,4360.0,4328.45,4423.18,1528083,675898284200000.0,157181,627863,0.41090000000000004
2020-03-31,MARUTI,EQ,4328.45,4450.0,4468.05,4210.0,4288.3,4288.3,4288.74,2140288,917913584965000.0,200296,1036284,0.4842
2020-04-01,MARUTI,EQ,4288.3,4290.0,4424.85,4190.1,4229.0,4246.35,4273.79,1323857,565788987915000.0,147374,325257,0.2457
2020-04-03,MARUTI,EQ,4246.35,4250.0,4267.0,4001.1,4011.5,4011.5,4099.78,1724863,707156225080000.0,174626,641298,0.3718
2020-04-07,MARUTI,EQ,4011.5,4150.0,4612.9,4120.0,4525.95,4553.65,4325.97,2688425,1163003638735000.0,257463,1196696,0.4451
2020-04-08,MARUTI,EQ,4553.65,4406.5,4925.0,4406.5,4700.0,4698.1,4702.68,2798838,1316203268455000.0,252470,672515,0.2403
2020-04-09,MARUTI,EQ,4698.1,4794.45,5399.0,4736.2,5350.0,5326.65,5116.97,3786661,1937621571655000.0,310721,1317700,0.348
2020-04-13,MARUTI,EQ,5326.65,5285.0,5343.4,5001.0,5270.0,5283.15,5166.27,2192269,1132585870260000.0,221195,340627,0.15539999999999998
2020-04-15,MARUTI,EQ,5283.15,5307.5,5350.0,5041.0,5090.0,5094.3,5211.13,2094529,1091487283165000.0,195907,584118,0.27890000000000004
2020-04-16,MARUTI,EQ,5094.3,5017.0,5228.0,4970.0,5148.0,5130.8,5112.87,1752170,895861543960000.0,161573,334200,0.1907
2020-04-17,MARUTI,EQ,5130.8,5325.0,5602.95,5211.7,5579.0,5505.0,5357.87,2192907,1174930994915000.0,188848,623330,0.2842
2020-04-20,MARUTI,EQ,5505.0,5512.0,5573.95,5280.0,5297.3,5331.35,5390.28,1555313,838357954640000.0,133978,274417,0.1764
2020-04-21,MARUTI,EQ,5331.35,5131.3,5131.3,4884.5,5009.95,5001.1,5001.21,1843174,921810493615000.0,174888,547983,0.2973
2020-04-22,MARUTI,EQ,5001.1,5009.0,5248.25,4991.0,5168.0,5180.85,5134.59,1991789,1022701454890000.0,161876,343528,0.17250000000000001
2020-04-23,MARUTI,EQ,5180.85,5169.0,5244.6,5045.0,5160.0,5156.35,5172.04,1454065,752048140715000.0,105193,205914,0.1416
2020-04-24,MARUTI,EQ,5156.35,5100.0,5140.0,5030.0,5050.0,5045.65,5082.53,1070905,544290892855000.0,79318,118072,0.1103
2020-04-27,MARUTI,EQ,5045.65,5150.1,5225.0,4991.55,5056.4,5056.35,5126.94,1432342,734353140450000.0,114838,306046,0.2137
2020-04-28,MARUTI,EQ,5056.35,5090.0,5120.0,4990.25,5050.1,5052.7,5039.02,1172062,590604278300000.0,104156,348077,0.297
2020-04-29,MARUTI,EQ,5052.7,5100.0,5100.0,5011.05,5055.0,5068.45,5059.57,1038100,525234058175000.0,85789,273732,0.2637
2020-04-30,MARUTI,EQ,5068.45,5122.0,5425.0,5122.0,5343.0,5358.8,5331.09,2341400,1248221513305000.0,239910,685598,0.2928
2020-05-04,MARUTI,EQ,5358.8,5096.0,5130.25,4840.0,4914.45,4886.3,4947.33,1742871,862256085495000.1,176618,593271,0.3404
2020-05-05,MARUTI,EQ,4886.3,4995.0,5029.55,4800.0,4835.0,4829.85,4879.35,1570620,766360155040000.0,122623,352042,0.2241
2020-05-06,MARUTI,EQ,4829.85,4841.2,5000.0,4710.0,4841.95,4843.25,4854.89,2214534,1075132863954999.9,144640,640252,0.2891
2020-05-07,MARUTI,EQ,4843.25,4899.5,4935.35,4735.0,4751.65,4749.3,4828.35,1530824,739135458295000.0,120915,360437,0.23550000000000001
2020-05-08,MARUTI,EQ,4749.3,4874.0,4879.0,4637.5,4660.0,4654.15,4710.0,1828146,861056320060000.0,138370,541728,0.2963
2020-05-11,MARUTI,EQ,4654.15,4750.0,5014.6,4730.15,4923.0,4937.8,4915.93,3176498,1561544437730000.0,290010,763104,0.2402
2020-05-12,MARUTI,EQ,4937.8,4914.0,4985.0,4690.05,4951.95,4951.3,4848.14,3124772,1514932690370000.0,229570,485975,0.1555
2020-05-13,MARUTI,EQ,4951.3,5250.0,5317.45,4986.25,5000.0,5036.1,5140.21,3304851,1698763534045000.0,262911,702054,0.21239999999999998
2020-05-14,MARUTI,EQ,5036.1,4905.0,5145.0,4852.15,5105.0,5114.05,5044.45,2590715,1306872725490000.0,197759,225140,0.08689999999999999
2020-05-15,MARUTI,EQ,5114.05,5110.0,5123.2,4961.15,5099.0,5100.4,5046.67,2182575,1101473195025000.0,155847,222360,0.10189999999999999
2020-05-18,MARUTI,EQ,5100.4,5080.4,5095.0,4680.55,4736.0,4720.95,4816.74,3164147,1524086042330000.0,251987,871183,0.27530000000000004
2020-05-19,MARUTI,EQ,4720.95,4842.0,4900.0,4755.75,4810.0,4805.3,4832.13,2108189,1018703899315000.0,167596,320154,0.1519
2020-05-20,MARUTI,EQ,4805.3,4754.0,4920.0,4745.5,4902.0,4891.95,4831.92,1518297,733629466625000.0,129952,216913,0.1429
2020-05-21,MARUTI,EQ,4891.95,4890.0,5073.8,4851.05,5041.4,5050.1,5007.92,1868172,935566006029999.9,139637,374747,0.2006
2020-05-22,MARUTI,EQ,5050.1,5010.0,5150.0,4930.75,5126.25,5134.3,5033.15,1935877,974356424145000.1,147394,305869,0.158
2020-05-26,MARUTI,EQ,5134.3,5200.0,5285.8,5160.65,5275.05,5246.15,5213.11,1508804,786555988070000.0,143430,292660,0.19399999999999998
2020-05-27,MARUTI,EQ,5246.15,5270.0,5291.0,5135.4,5220.0,5244.4,5215.6,1534657,800415997545000.0,122984,147583,0.0962
2020-05-28,MARUTI,EQ,5244.4,5267.0,5495.0,5220.0,5450.0,5468.35,5402.3,2325387,1256244701905000.0,178909,499214,0.2147
2020-05-29,MARUTI,EQ,5468.35,5375.0,5666.75,5375.0,5581.1,5610.8,5532.37,3386741,1873671752205000.0,199610,1402622,0.4142
2020-06-01,MARUTI,EQ,5610.8,5690.0,5864.65,5666.9,5758.0,5793.6,5790.13,2341043,1355494114595000.0,155689,545309,0.2329
2020-06-02,MARUTI,EQ,5793.6,5797.75,5849.0,5625.1,5685.0,5690.1,5721.99,2110720,1207752369245000.0,158952,454994,0.21559999999999999
2020-06-03,MARUTI,EQ,5690.1,5730.0,5832.0,5606.0,5638.9,5624.0,5700.87,1652859,942273196290000.0,132971,371252,0.22460000000000002
2020-06-04,MARUTI,EQ,5624.0,5658.0,5719.95,5572.0,5706.55,5690.2,5649.52,1642052,927680716790000.0,140640,237009,0.1443
2020-06-05,MARUTI,EQ,5690.2,5728.3,5785.0,5671.1,5757.0,5746.2,5741.54,1236660,710033817065000.0,113824,191418,0.15480000000000002
2020-06-08,MARUTI,EQ,5746.2,5850.0,5850.0,5701.5,5735.0,5734.8,5762.86,1176769,678155512285000.0,127415,134370,0.1142
2020-06-09,MARUTI,EQ,5734.8,5754.0,5787.0,5620.0,5663.45,5662.3,5695.32,1336815,761359263655000.0,120413,173218,0.12960000000000002
2020-06-10,MARUTI,EQ,5662.3,5655.0,5740.0,5615.0,5685.75,5675.6,5685.19,1432292,814285199425000.0,148469,180964,0.12630000000000002
2020-06-11,MARUTI,EQ,5675.6,5637.0,5689.0,5400.3,5419.0,5426.15,5542.88,1766482,979140312925000.0,159656,442517,0.2505
2020-06-12,MARUTI,EQ,5426.15,5201.0,5608.3,5201.0,5550.0,5561.75,5383.34,2064628,1111460058015000.0,179002,341936,0.1656
2020-06-15,MARUTI,EQ,5561.75,5520.0,5585.0,5391.05,5486.05,5475.75,5485.02,1530606,839540515790000.0,109610,282448,0.1845
2020-06-16,MARUTI,EQ,5475.75,5590.0,5612.55,5400.0,5493.5,5502.2,5516.19,1184933,653631648405000.0,104585,115893,0.0978
2020-06-17,MARUTI,EQ,5502.2,5445.0,5813.45,5445.0,5725.0,5726.2,5706.13,3454869,1971394871920000.0,246638,786159,0.22760000000000002
2020-06-18,MARUTI,EQ,5726.2,5695.0,5758.0,5641.0,5724.0,5714.4,5704.55,1580217,901442319175000.0,108109,241882,0.1531
2020-06-19,MARUTI,EQ,5714.4,5751.0,5935.0,5707.0,5895.0,5897.35,5847.98,1854591,1084561584940000.0,138228,349016,0.1882
2020-06-22,MARUTI,EQ,5897.35,5900.0,5975.0,5806.35,5897.0,5896.0,5884.18,1497825,881347209954999.9,126056,218863,0.1461
2020-06-23,MARUTI,EQ,5896.0,5900.0,6007.2,5862.55,5890.0,5886.5,5924.36,1398189,828337864965000.0,98519,203431,0.29300000000000004
2020-06-24,MARUTI,EQ,5886.5,5938.0,5938.0,5730.0,5760.0,5755.35,5828.53,1268492,739344509735000.0,102407,343499,0.2708
2020-06-25,MARUTI,EQ,5755.35,5677.0,5846.8,5651.0,5756.0,5762.3,5778.04,1266213,731622988875000.0,101597,233593,0.1845
2020-06-26,MARUTI,EQ,5762.3,5800.0,5810.0,5695.0,5745.0,5754.9,5736.35,1063059,609807525670000.0,98170,161019,0.1515
2020-06-29,MARUTI,EQ,5754.9,5730.0,5800.0,5650.0,5701.0,5678.7,5702.69,1102655,628810084540000.0,93831,225779,0.2048
2020-06-30,MARUTI,EQ,5678.7,5750.0,5874.5,5681.45,5830.0,5838.3,5806.09,2015839,1170414872160000.0,140161,435446,0.21600000000000003
2020-07-01,MARUTI,EQ,5838.3,5838.3,5885.0,5775.0,5795.0,5803.1,5815.43,1284965,747262027400000.0,91004,183034,0.1424
2020-07-02,MARUTI,EQ,5803.1,5850.0,5960.0,5762.8,5938.0,5948.45,5866.62,1470951,862951714370000.1,109150,287700,0.1956
2020-07-03,MARUTI,EQ,5948.45,5948.45,5988.6,5883.05,5916.0,5932.1,5935.57,1059779,629039458290000.0,87711,85535,0.08070000000000001
2020-07-06,MARUTI,EQ,5932.1,5963.45,6147.7,5925.0,6135.0,6123.6,6045.46,1385087,837348683540000.0,105457,183667,0.1326
2020-07-07,MARUTI,EQ,6123.6,6140.0,6250.0,6092.65,6212.85,6226.75,6187.36,1799721,1113552571175000.0,132528,476086,0.2645
2020-07-08,MARUTI,EQ,6226.75,6226.75,6235.0,6022.6,6049.8,6044.4,6124.25,1204104,737423397190000.0,107505,294304,0.2444
2020-07-09,MARUTI,EQ,6044.4,6080.0,6096.0,5931.35,6020.0,6002.35,5994.28,1043433,625463054785000.0,90297,191108,0.1832
2020-07-10,MARUTI,EQ,6002.35,5980.0,6085.1,5921.0,5964.0,5955.65,5986.88,1168905,699809462400000.0,102190,101731,0.087
2020-07-13,MARUTI,EQ,5955.65,6000.0,6059.25,5927.8,6006.2,5988.85,5988.05,1035124,619837307195000.0,80418,197689,0.19100000000000003
2020-07-14,MARUTI,EQ,5988.85,5951.0,5958.75,5750.0,5778.95,5771.75,5817.51,1602939,932510704610000.0,135530,526489,0.3285
2020-07-15,MARUTI,EQ,5771.75,5810.0,5879.8,5755.0,5809.1,5801.3,5817.7,1246712,725299620835000.0,98323,294213,0.23600000000000002
2020-07-16,MARUTI,EQ,5801.3,5809.0,5920.0,5752.0,5873.8,5875.35,5849.8,1018659,595895459605000.0,86516,176880,0.1736
2020-07-17,MARUTI,EQ,5875.35,5898.0,5956.0,5851.0,5931.5,5919.5,5909.33,810164,478752874589999.94,68796,117796,0.1454
2020-07-20,MARUTI,EQ,5919.5,5935.0,5936.0,5812.0,5875.0,5867.5,5864.05,912611,535159692050000.0,85254,151710,0.16620000000000001
2020-07-21,MARUTI,EQ,5867.5,5919.5,6150.0,5900.0,6115.3,6130.85,6080.33,1854694,1127714963760000.0,151091,350907,0.18920000000000003
2020-07-22,MARUTI,EQ,6130.85,6117.0,6129.0,5939.7,6013.0,6003.4,6034.25,1140094,687961411695000.0,102729,254649,0.22340000000000002
2020-07-23,MARUTI,EQ,6003.4,6013.0,6090.0,5967.95,6047.35,6065.95,6047.91,701702,424383346010000.0,61215,78069,0.11130000000000001
2020-07-24,MARUTI,EQ,6065.95,6010.0,6047.35,5932.1,5990.5,6000.7,5985.18,793324,474818729955000.0,78265,106961,0.1348
2020-07-27,MARUTI,EQ,6000.7,6008.0,6062.85,5928.05,6056.0,6043.3,6001.19,902597,541665716210000.06,79430,144621,0.1602
2020-07-28,MARUTI,EQ,6043.3,6050.0,6320.35,6031.15,6265.0,6282.8,6206.76,1774866,1101617552700000.0,139344,323590,0.18230000000000002
2020-07-29,MARUTI,EQ,6282.8,6269.95,6295.0,6118.95,6192.0,6185.15,6196.86,2057207,1274821435950000.0,154097,470601,0.2288
2020-07-30,MARUTI,EQ,6185.15,6184.05,6393.65,6170.05,6260.0,6265.4,6318.7,2217867,1401404582835000.0,156205,490512,0.2212
2020-07-31,MARUTI,EQ,6265.4,6265.0,6379.85,6209.0,6260.0,6262.75,6287.71,1613555,1014556078110000.0,118083,387927,0.2404
2020-08-03,MARUTI,EQ,6262.75,6380.0,6437.45,6125.05,6172.0,6165.2,6247.42,1836582,1147389122830000.0,142978,381819,0.2079
2020-08-04,MARUTI,EQ,6165.2,6199.0,6376.85,6185.0,6360.55,6358.95,6301.15,1223516,770955298455000.0,102411,200366,0.1638
2020-08-05,MARUTI,EQ,6358.95,6388.9,6597.7,6380.0,6517.0,6526.25,6523.9,2278683,1486588902195000.0,168264,503778,0.2211
2020-08-06,MARUTI,EQ,6526.25,6534.95,6585.85,6434.4,6551.25,6555.75,6498.88,1233253,801476409460000.0,103982,148369,0.12029999999999999
2020-08-07,MARUTI,EQ,6555.75,6498.0,6749.5,6481.85,6665.0,6679.0,6645.66,1568000,1042040027454999.9,122724,286218,0.1825
2020-08-10,MARUTI,EQ,6679.0,6690.0,6728.7,6576.0,6599.0,6608.9,6645.25,1601753,1064404551015000.0,103576,292695,0.1827
2020-08-11,MARUTI,EQ,6608.9,6665.0,6713.5,6611.0,6648.7,6649.2,6656.9,880811,586346856565000.0,75125,103962,0.11800000000000001
2020-08-12,MARUTI,EQ,6649.2,6609.95,6778.05,6592.1,6730.05,6730.3,6708.04,1114994,747942764470000.0,76689,211836,0.19
2020-08-13,MARUTI,EQ,6730.3,6729.95,6772.0,6655.0,6732.0,6731.65,6720.91,1087096,730627935480000.0,82991,135660,0.12480000000000001
2020-08-14,MARUTI,EQ,6731.65,6740.0,6745.15,6552.05,6598.95,6588.2,6637.52,905798,601224938045000.0,76687,160256,0.17690000000000003
2020-08-17,MARUTI,EQ,6588.2,6660.0,6789.95,6588.2,6760.1,6768.4,6703.34,1028545,689469054740000.0,80388,151803,0.1476
2020-08-18,MARUTI,EQ,6768.4,6768.4,6924.9,6760.9,6891.0,6893.1,6866.97,1322542,908185184860000.0,94241,253888,0.192
2020-08-19,MARUTI,EQ,6893.1,6924.0,7014.7,6885.05,6999.45,6990.3,6967.39,1326450,924189871145000.1,86982,299212,0.2256
2020-08-20,MARUTI,EQ,6990.3,6891.1,6999.0,6880.05,6964.0,6974.7,6961.6,958233,667083597025000.0,64977,140623,0.1468
2020-08-21,MARUTI,EQ,6974.7,7048.0,7065.0,6951.0,6980.0,6973.0,6997.52,971836,680044583830000.0,76543,192098,0.1977
2020-08-24,MARUTI,EQ,6973.0,6985.0,7100.0,6955.0,7091.45,7082.5,7038.05,961178,676481540855000.0,78921,182906,0.19030000000000002
2020-08-25,MARUTI,EQ,7082.5,7100.0,7175.7,7075.65,7111.0,7109.95,7130.69,1047628,747031021090000.0,81427,203871,0.19460000000000002
